
SET SQL_MODE = "NO_AUTO_VALUE_ON_ZERO";
SET AUTOCOMMIT = 0;
START TRANSACTION;
SET time_zone = "+00:00";

--
-- Base de datos: `tiempo_maya`
--
DROP DATABASE IF EXISTS `tiempo_maya`;
CREATE DATABASE IF NOT EXISTS `tiempo_maya` DEFAULT CHARACTER SET utf8mb4 COLLATE utf8mb4_general_ci;
USE `tiempo_maya`;

-- --------------------------------------------------------

--
-- Estructura de tabla para la tabla `categoria`
--

CREATE TABLE IF NOT EXISTS `categoria` (
  `nombre` varchar(100) NOT NULL,
  PRIMARY KEY (`nombre`)
) ENGINE=InnoDB DEFAULT CHARSET=utf8mb4;

--
-- Volcado de datos para la tabla `categoria`
--

INSERT INTO `categoria` (`nombre`) VALUES
('Calendario Cholquij'),
('Calendario Haab'),
('Clasico'),
('Energia'),
('Energia_1'),
('Energia_10'),
('Energia_11'),
('Energia_12'),
('Energia_13'),
('Energia_2'),
('Energia_3'),
('Energia_4'),
('Energia_5'),
('Energia_6'),
('Energia_7'),
('Energia_8'),
('Energia_9'),
('Escritura1'),
('Kin_0'),
('Kin_1'),
('Kin_10'),
('Kin_11'),
('Kin_12'),
('Kin_13'),
('Kin_14'),
('Kin_15'),
('Kin_16'),
('Kin_17'),
('Kin_18'),
('Kin_19'),
('Kin_2'),
('Kin_3'),
('Kin_4'),
('Kin_5'),
('Kin_6'),
('Kin_7'),
('Kin_8'),
('Kin_9'),
('Nahual'),
('Nahual_0'),
('Nahual_1'),
('Nahual_10'),
('Nahual_11'),
('Nahual_12'),
('Nahual_13'),
('Nahual_14'),
('Nahual_15'),
('Nahual_16'),
('Nahual_17'),
('Nahual_18'),
('Nahual_19'),
('Nahual_2'),
('Nahual_3'),
('Nahual_4'),
('Nahual_5'),
('Nahual_6'),
('Nahual_7'),
('Nahual_8'),
('Nahual_9'),
('PosClasico'),
('PreClasico'),
('Rueda Calendarica'),
('Uinal'),
('Uinal_0'),
('Uinal_1'),
('Uinal_10'),
('Uinal_11'),
('Uinal_12'),
('Uinal_13'),
('Uinal_14'),
('Uinal_15'),
('Uinal_16'),
('Uinal_17'),
('Uinal_18'),
('Uinal_2'),
('Uinal_3'),
('Uinal_4'),
('Uinal_5'),
('Uinal_6'),
('Uinal_7'),
('Uinal_8'),
('Uinal_9');

-- --------------------------------------------------------

--
-- Estructura de tabla para la tabla `energia`
--

CREATE TABLE IF NOT EXISTS `energia` (
  `id` int(11) NOT NULL,
  `nombre` varchar(25) NOT NULL,
  `significado` tinytext NOT NULL,
  `htmlCodigo` mediumtext NOT NULL,
  `nombreYucateco` varchar(30) NOT NULL,
  `categoria` varchar(100) NOT NULL,
  `ruta` varchar(100) DEFAULT NULL,
  PRIMARY KEY (`id`),
  KEY `fk_energia_categoria1_idx` (`categoria`)
) ENGINE=InnoDB DEFAULT CHARSET=utf8mb4;

--
-- Volcado de datos para la tabla `energia`
--

INSERT INTO `energia` (`id`, `nombre`, `significado`, `htmlCodigo`, `nombreYucateco`, `categoria`,`ruta`) VALUES
(1, 'Jun', 'El Todo, La Unidad, El Absoluto, La Pureza', 'Principio de Unidad.<br><span></span>Propósito, Atraer, Unificar.<br><span></span>El principio y origen, el ser humano como un todo.<br><span></span>La unidad establece el propósito, el objeto y la meta de acción por pequeña que esta sea.<br><span></span>La unidad es el todo, la única verdad absoluta, es la creación mental del todo.<br><span></span>En el circulo de la perfección todos los seres están unidos inseparablemente sin importar su dimensión de manifestación, la creencia de que no es así, crea una grieta en la relación original y esa grieta en el campo de energía crea una polaridad (como proceso de cicatrización) que ha de convertirse en vibración.', 'Jun', 'Energia_1'
,'Calendario_Cholquij\\Energias\\jun.png'),
(2, 'Keb\'', 'La Pareja, La Polaridad, El Complemento, El Apoyo', 'Principio de Polaridad.<br><span></span>Desafió, Estabilizar, Polarizar.<br><span></span>Esqueleto y esencia, Masculino y femenino; forman el principio generador dual, la simetría dual de los seres. Son los extremos de un mismo fenómeno, opuestos idénticos en su naturaleza: espíritu y materia, luz y oscuridad, yin y yang.<br><span></span>Armonizar la vibración es resolver la polaridad equilibrando los dos extremos, o sea, incluyéndolos<br><span></span>Si todo es luz, las formas se difuminan, por eso es necesario el contraste de las sombras.<br><span></span>Cultivar nuestra resonancia es armonizar nuestra vibración con resonancias superiores como la planetaria, solar y galáctica.', 'Ka\'a', 'Energia_2'
,'Calendario_Cholquij\\Energias\\keb.png'),
(3, 'Oxib\'', 'Los Resultados, Los Hijos, El Temor, Los Frutos', 'Principio del ritmo o compensación.<br><span></span>Servicio, Unir, Activar.<br><span></span>Flujo y reflujo, ascenso y descenso, acción y relación; es el movimiento entre los polos de todos los planos (físico, mental y espiritual).<br><span></span>Cada fenómeno, cada proceso tiene su propio ritmo: todo tiene un inicio, nace, crece, muere y renace. Liquido precioso que da calor y energía al cuerpo, sangre, el agua de la naturaleza, lluvia.<br><span></span>Al crear polaridades, desencadenamos eventos, circunstancias que experimentamos y superamos, las acciones que producen un campo de negatividad (ignorancia, oscuridad espiritual) son kharmas, las acciones que suprimen y corrigen la negatividad (sabiduría) son Dharmas y crean un campo benéfico.', 'Ox', 'Energia_3'
,'Calendario_Cholquij\\Energias\\oxib.png'),
(4, 'Kajib\'', 'La Solidez, La Fortaleza, La Felicidad, La Estabilidad', 'Principio de la medida.<br><span></span>Forma, Medir, Definir.<br><span></span>El cuatro como medida de todas las estructuras materiales (la pirámide), entra siempre en relación con la composición trina de lo espiritual, formando la estructura Septernal de todo lo que Es.<br><span></span>El poder del ordenamiento matemático del macro y microcosmos. Todo cuanto existe es según la medida de la ley del todo.<br><span></span>Establece los limites de las estructuras; las 4 fuerzas principales, 4 rumbos sagrados, 4 elementos: calor, viento y agua sobre tierra. Cuatro son las regiones mayas, 4 los elementales, 4 los nucleótidos, 4 los elementos químicos primarios, 4 las razas cósmicas, rumbos cardinales, estaciones solares, chacras de personalidad, etc', 'Kan', 'Energia_4'
,'Calendario_Cholquij\\Energias\\kajib.png'),
(5, 'Job\'', 'El Amor, El Trabajo, El Esfuerzo, Analizar', 'Principio de lo nuclear.<br><span></span>Esplendor, Mandar, Dar poder.<br><span></span>La capacidad de realización, la movilidad de los dedos, percibir la belleza de la naturaleza, el 5to. punto o centro del Universo.<br><span></span>Toda unidad, por pequeña que sea, objetiva o subjetiva comporta un núcleo como atractor y una periferia de manifestación (núcleo del átomo y electrones, por ejemplo).<br><span></span>Deriva la concepción del matiz cromático de cinco, que es la acción de la quinta fuerza galáctica; el matiz del color da la entonación.', 'Jo', 'Energia_5'
,'Calendario_Cholquij\\Energias\\job.png'),
(6, 'Waqib\'', 'El Mundo Material, La Materia, La Amistad, La Reacción', 'Principio del equilibrio orgánico: 2x3. (Polaridad por ritmo)<br><span></span>Igualdad, Equilibrar, Organizo.<br><span></span>La polaridad del ritmo genera el principio orgánico, la ley del ordenamiento Hexagonal de las estructuras cristalinas y celulares. La tendencia de las estructuras ligadas al proceso de la vida es la de alcanzar el equilibrio relativo, estado de realización intermedio, a partir del cual continuar el movimiento hacia la conciencia superior.<br><span></span>El principio del Diferencial de Potencial aporta la resolución de situaciones a través de saltos cualitativos entre estados de la energía. Nada de cuanto sucede es casual, todo esta sujeto al poder de la ley primigenia; todo efecto tiene su causa y a la vez es causal de otros efectos, la Causa Centro Primera es el Creador.<br><span></span>Su acción es equilibrar, el principio de la integración de nuestra introspección', 'Wak', 'Energia_6'
,'Calendario_Cholquij\\Energias\\waqib.png'),
(7, 'Wuqub\'', 'El Equilibrio, El Movimiento, El Integrar, El Realizar', 'Principio de unificación mental. (Poder místico)<br><span></span>Armonización, Inspirar, Canalizo.<br><span></span>Los hombres somos unidades resonantes dentro de un todo Mental, el orden material es un fractal del ordenamiento mental del universo; nosotros no controlamos la mente, somos pensados por la mente, vivimos inmersos en ella.<br><span></span>El siete canaliza energía inspirando la armonización. Representa las fases lunares de 7 días, el segundo paso de la transformación interior; el intelecto activo, inquieto, la influencia lunar.', 'Uuk', 'Energia_7'
,'Calendario_Cholquij\\Energias\\wuqub.png'),
(8, 'Wajxaqib\'', 'La Espiritualidad, El Arte, La Alegría, La Energía Masculina', 'Principio de Resonancia armónica. (Octavas resonantes)<br><span></span>Integridad, Modelar, Armonizar.<br><span></span>Así como en música, las escalas se suceden en octavas, las energías vibratorias contactan y resuenan con sus respectivas equisonantes en los niveles superiores e inferiores de manifestación, como también con los armónicos secundarios derivados de la vibración.<br><span></span>Las octavas son el vehículo de información del todo, como ley de la armonía; el tono ocho otorga la habilidad de dar forma, de modelar, de describir aspectos del nivel inmediatamente superior de vibración.<br><span></span>Ocho es la esencia interior, el ser como recipiente de la esencia cósmica, el 2 veces NAHUI (4), conjuga las 4 direcciones (+) y los 4 rincones (X) del mundo.', 'Waxac', 'Energia_8'
,'Calendario_Cholquij\\Energias\\wajxaqib.png'),
(9, 'B\'elejeb\'', 'La Realización, El Poder, Acción, La Energía Femenina', 'Principio de la Periodicidad cíclica.<br><span></span>Intención, Realizar, Pulso.<br><span></span>Todo cuanto se mueve lo hace de acuerdo a la Ley Cósmica; la periodicidad cíclica, no la repetición de los sucesos, es la cualidad por la que un evento se asocia a otros anteriores y posteriores en el tiempo como fenómenos resonantes (ciclos entre ciclos).<br><span></span>Representa lo femenino del principio generatriz (Yin), el polo creativo en el cual se manifiesta la generación o producción de formas, energías y conceptos nuevos dinamizadores del proceso evolutivo de la vida, el objetivo; la intención de poner la acción en movimiento', 'Bolon', 'Energia_9'
,'Calendario_Cholquij\\Energias\\belejeb.png'),
(10, 'Lajuj', 'La Ley, La Autoridad, La Rectitud, La Impecabilidad', 'Principio de la Manifestación.<br><span></span>Manifestar, Producir, Perfecciono.<br><span></span>El movimiento como energía se manifiesta en cada nivel u octava de vibración (dimensión); todo lo que se manifiesta, es decir, que cobra presencia (objetiva o subjetiva) se puede medir y viceversa.<br><span></span>La manifestación de la energía en todos los planos, implica vencer o enfrentar los obstáculos inherentes al plano dimensional y al tipo de presencia a manifestarse. Las manos juntas, la dualidad de las manos (5+5=10), equilibrándose mutuamente, como flecha al objetivo.', 'Lajun', 'Energia_10'
,'Calendario_Cholquij\\Energias\\lajuj.png'),
(11, 'Julajuj', 'Compartir, Separar, Las Posibilidades, Dejarse-abandonarse', 'Principio de las Estructuras disonantes.<br><span></span>Liberación, Divulgar, Disolver.<br><span></span>Todas las estructuras, cualquiera sea su naturaleza, tienden a ingresar a nuevas realidades; el movimiento perpetuo implica mutación y cambio constante, en la vida vamos haciendo conscientes estas nuevas realidades.<br><span></span>Las estructuras que se \"desordenan\" como un aparente caos para el mundo material, en realidad están ingresando a otro orden superior no comprensible desde la tridimensional. La grieta que nos escinde del todo es la no evolución, nuestra tendencia a quedarnos resguardados donde nos sentimos cómodos y seguros es un espejismo; un orden superior que hoy asimilamos como caos esta a la espera de nuestro ingreso, es la quinta dimensión que trasciende a las anteriores', 'Buluk', 'Energia_11'
,'Calendario_Cholquij\\Energias\\julajuj.png'),
(12, 'Kab\'lajuj', 'La Familia, La Comunidad, Los Grupos, La Seguridad', 'Principio de la Estabilidad compleja: 2x6.<br><span></span>Cooperación, Universalizar, Dedicación.<br><span></span>Es la polarización del equilibrio orgánico, mediante el cual cada especie gana su propio nivel de frecuencia armónica, es decir, su estatuto como especie: código, nicho, hábitat, etc. Genera las fuerzas conservacionistas de los organismos vivos, incluida la tierra, como cooperación simbiotica.', 'Kaalajun', 'Energia_12'
,'Calendario_Cholquij\\Energias\\kablajuj.png'),
(13, 'Oxlajuj’', 'La Magia, EL Poder del Camino, La Teurgia, El Trasmutar', 'Principio del movimiento universal o principio de vibración.<br><span></span>Presencia, Trascender, Perdurar.<br><span></span>Todo cuanto existe esta en perpetuo movimiento, desde lo mas sutil con las vibraciones, hasta lo mas denso y pesado como expresión de las bajas frecuencias, a tal punto que estos extremos parecen en reposo. <br><span></span>El movimiento es la energía que fluye desde la fuente y regresa a ella. Este principio otorga trascendencia a todo lo que funciona con y obedece a la ley del uno, trascendencia es la cualidad de perdurar mas allá del tiempo y del espacio. La unión total de todos los números anteriores, el ultimo numero representa el conocimiento interno, la introspección, centralidad y transparencia, Sabiduría del Universo, La Madre Tierra, respeto a lo que existe, florece y da frutos.', 'Oxlajun', 'Energia_13'
,'Calendario_Cholquij\\Energias\\oxlajuj.png');

-- --------------------------------------------------------

--
-- Estructura de tabla para la tabla `kin`
--

CREATE TABLE IF NOT EXISTS `kin` (
  `id` int(11) NOT NULL,
  `iddesk` int(11) NOT NULL,
  `nombre` varchar(25) DEFAULT NULL,
  `significado` varchar(150) DEFAULT NULL,
  `htmlCodigo` mediumtext,
  `categoria` varchar(100) NOT NULL,
  `nombreYucateco` varchar(25) DEFAULT NULL,
  `ruta` varchar(100) DEFAULT NULL,
  PRIMARY KEY (`id`),
  KEY `fk_kin_categoria1_idx` (`categoria`)
) ENGINE=InnoDB DEFAULT CHARSET=utf8mb4;

--
-- Volcado de datos para la tabla `kin`
--

INSERT INTO `kin` (`id`, `iddesk`, `nombre`, `significado`, `htmlCodigo`, `categoria`, `nombreYucateco`,`ruta`) VALUES
(0, 1, 'Imix\'', 'Dragon', 'Es el guardián fiero de la vida, de las ideas y proyectos que pone en marcha. Es el gestor, el productor, el iniciador. Goza de una gran sensibilidad existencial y una creatividad única. Si no está en armonía consigo mismo puede tener muchas ideas pero no realizar ninguna por no saber por dónde empezar o también dedicarse a tantos proyectos al mismo tiempo que no logra entregarse por entero a ninguno. Dejar lo que empiece sin terminar lo retrasa energéticamente. Espiritualmente representa la memoria ancestral y si está despierto logra integrarla en todo lo que hace.', 'Kin_0', 'Imix'
,'Calendario_Haab\\Kines\\Imix.png'),
(1, 2, 'Ik\'', 'Viento', 'Es la comunicación, el aliento divino, la flexibilidad y el cambio. Tiene el don de la palabra, así que deberá usarla estratégicamente y con bondad. Necesita de novedades todo el tiempo, suele ser sumamente social aunque en sombra puede guardar mucho de sí mismo aún rodeado de gente y hablando sin decir nada. A nivel espiritual puede canalizar mensajes del más allá. Necesita focalizarse y decir todo lo que siente en lo más profundo de sí, sabiendo también cuándo guardar silencio. ', 'Kin_1', 'Ik'
,'Calendario_Haab\\Kines\\Ik.jpg'),
(2, 3, 'Ak\'bal\'', 'Noche', 'Es el sol de la oscuridad. Representa nuestro inconsciente, el mundo onírico y la capacidad de realizar nuestros sueños. Tiene el potencial de recibir mensajes en sueños, solo hay que hacerles caso. Necesita descansar mucho y estar solo por periodos. Es importante saber salir también y relacionarse con el mundo, con la espontaneidad que la caracteriza. Suelen ser histriónicos, sumamente intuitivos y más bien estancar su abundancia si no creen en sí mismos. Es importante estar atento a las posibles locuras, impulsividades,  deseos sin resolver, y a un ego desmedido, para poder equilibrarse.', 'Kin_2', 'Akbal'
,'Calendario_Haab\\Kines\\Akbal.jpg'),
(3, 4, 'K\'an', 'La Semilla', 'Es la capacidad de inyectarle vida a todo lo que nos propongamos para que florezca, para que tenga resultados, para que se materialice y sea exitoso. En primer lugar la Semilla debe sentir, identificar sus pasiones, aquello que ama hacer, para que pueda dedicarse a eso y no desbalancearse entregando toda su infinita energía en proyectos ajenos o en aquellos a los que se ha acostumbrado por presión social o solo porque funcionan. También es la danza, el gozo, el placer, la curiosidad y el saber atinar, saber esperar al momento correcto para actuar', 'Kin_3', 'Kan'
,'Calendario_Haab\\Kines\\Kan.png'),
(4, 5, 'Chikchan', 'La Serpiente', 'Es la fuerza vital, la astucia para vivir en el mundo material, así como la sabiduría para entender que no hay espiritualidad sin equilibrio físico. La Serpiente se dedica a reunir los recursos necesarios para tener una buena vida, en sombra ese será su único objetivo, en luz, sabrá que ese es solo el medio para poder evolucionar a este plano. Suele ser dominante, territorial y austera, pero también muy culta y noble.', 'Kin_4', 'Chicchan'
,'Calendario_Haab\\Kines\\Chikchan.png'),
(5, 6, 'Kimi', 'El enlazador de mundos', 'Es el puente entre diferentes dimensiones. En este plano domina la capacidad de ser como un relacionista público, de crear contactos, de saber cómo relacionarse con los demás para generar redes y oportunidades. En el plano espiritual es el mensajero de los espíritus y, aunque lo suela bloquear por miedo, puede recibir información para sí mismo o para ser transmitida a los demás como forma de ayuda. Su  misión es entender la muerte como parte de la vida, profundizar en su conocimiento espiritual sobre la misma para saber dejar ir cuando corresponda.', 'Kin_5', 'Cimi'
,'Calendario_Haab\\Kines\\Kimi.png'),
(6, 7, 'Manik\'', 'La mano', 'Representa el servicio, la sanación y la realización. Es el poder de llevar a cabo todo lo que uno se proponga. En sombra, la Mano hace por hacer, es adicto al trabajo, pero no se arriesga a dedicarse a lo que más sueña. En luz, todo lo que haga además estará conectado con su capacidad de ayudar y de sanar. Debe tener mucho cuidado con control y aprender a poner límites sanos entre lo que le da a los demás y a sí mismo.', 'Kin_6', 'Manik'
,'Calendario_Haab\\Kines\\Manik.png'),
(7, 8, 'Lamat', 'La estrella', 'Representa el arte, la belleza, la elegancia, la armonía, la creatividad, pero también el pensamiento abstracto, el mundo de las ideas y la producción intelectual. Las personas Estrella gozan hasta de un garbo natural, y si bien su misión es desarrollar su gran creatividad pueden perderse fácilmente en el plano racional. En sombra buscan el perfeccionismo, dañando su sistema nervioso. En luz pueden llegar a ser grandes y virtuosos artistas. Es importante que dejen la terquedad de lado, la necesidad de relativizarlo todo y de querer encontrar la verdad en la mente conceptual.', 'Kin_7', 'Lamat'
,'Calendario_Haab\\Kines\\Lamat.png'),
(8, 9, 'Muluk', 'La luna', 'Es el mundo de las emociones. La Luna lo siente todo, su sensibilidad es vasta y todo le impacta profundamente. De hecho es capaz de saber cómo se siente cada persona a su alrededor, tendiendo a querer acobijar a todo el que sufra. Esto puede traerle muchos problemas ya que se cargará de cosas que no le corresponden. En este sentido goza de una poderosa intuición y de una gran imaginación. Representa la energía de lo femenino, el poder de las aguas y la maestría en relación a los elementos de la naturaleza. Necesita trascender el drama ahí donde lo ve, purificarse de todo lo que sienta y dejarse fluir.', 'Kin_8', 'Muluc'
,'Calendario_Haab\\Kines\\Muluk.png'),
(9, 10, 'Ok', 'El perro', 'Es la energía del amor incondicional. El Perro representa la fidelidad, la lealtad y el compañerismo, es el guardián de sus seres queridos. En sombra tiene problemas de autoestima, dando siempre demás a quienes no le corresponden y exigiendo en consecuencia. En luz es capaz del máximo altruismo, sabiéndose amar a sí mismo primero, poniendo límites sanos a todo lo que no le haga bien en sus relaciones afectivas y amando sin aprehensión. Tenderá a dedicarse de alguna u otra manera a proyectos sociales, a hacer el bien por la humanidad. En este sentido tendría que tener cuidado con inconscientemente actuar como el salvador de los demás.', 'Kin_9', 'Oc'
,'Calendario_Haab\\Kines\\Ok.png'),
(10, 11, 'Chuwen', 'El mono', 'Es el niño interior que con su sabiduría ilumina la vida de los demás. En luz es el sentido del humor, lo lúdico, la irreverencia que cuestiona todo como jugando. En sombra suele tender a tomarse todo demasiado en serio y actuar como el abogado defensor de las causas justas. No se permite relajarse y guarda situaciones de la infancia por resolver. Su misión será mostrarle al mundo que nada es tan sólido como parece y que a veces es necesario confrontarnos desde la risa para lograr soltar el ego.', 'Kin_10', 'Chuen'
,'Calendario_Haab\\Kines\\Chuwen.png'),
(11, 12, 'Eb\'', 'El humano', 'Representa el más alto estándar de integridad. Es el sabio que defiende las causas justas, habitualmente sacrificándose en el proceso. En luz está en conexión profunda con su libertad y sabrá equilibrar su gran necesidad de generar armonía alrededor suyo con el camino que quiera elegir. En sombra, se pospondrá por el resto o caerá en la indecisión aguda de no saber qué decisiones tomar, por tener un concepto rígido del deber ser.', 'Kin_11', 'Eb'
,'Calendario_Haab\\Kines\\Eb.png'),
(12, 13, 'B\'en ', 'El caminante del cielo', 'Es el explorador, el buscador del sentido último de la existencia. Su principal motivación es conocer, conocerlo todo, sobre todo otras culturas, otros territorios, otros saberes, otras idiosincrasias. En luz, sabrá dejarse guiar por su intuición y todo lo que conozca logrará transformarlo, para luego compartirlo con el mundo. En sombra, el escepticismo le jugará malas pasadas, y solo buscará que conocer hacia fuera, sin tener el coraje de viajar dentro suyo ni de encontrar un camino espiritual.', 'Kin_12', 'Ben'
,'Calendario_Haab\\Kines\\Ben.png'),
(13, 14, 'Ix', 'El mago', 'Es el que con su encanto natural logra transformarlo todo. Artista, performer, alquimista, sanador, brujo, ingeniero, consejero, orador. En luz, podrá cumplir con su misión de ser fuente de inspiración para los seres humanos, en sombra la soberbia lo llevará a preocuparse solo por la valoración externa, por los aplausos.', 'Kin_13', 'Ix'
,'Calendario_Haab\\Kines\\Ix.png'),
(14, 15, 'Men', 'El aguila', 'Representa la visión panorámica, la agudeza analítica y la creatividad de vanguardia. Es visionaria y muy profunda, sintiéndose siempre responsable del bienestar ajeno. En luz logrará creer en sí misma para emprender el vuelo y evolucionar, en sombra se quedará procastinando distrayéndose con todo lo que su mente es capaz de vislumbrar, y poniendo el bien común adelante de sus prioridades como pretexto.', 'Kin_14', 'Men'
,'Calendario_Haab\\Kines\\Men.png'),
(15, 16, 'Kib\'', 'El guerrero', 'Es el samurai, el que con disciplina y entrega se entrena para ir a la batalla a ganar. Pero la batalla no es el conflicto, es la posibilidad de transformar la realidad, aquello que es injusto, de manera estratégica, intrépida, frontal y sobre todo humilde. Un Guerrero en sombra lo cuestiona todo solo por ego, incluso a sí mismo, autoboicoteándose. En luz es el maestro espiritual, perfil bajo, que ilumina con sus acciones.', 'Kin_15', 'Cib'
,'Calendario_Haab\\Kines\\Kib.png'),
(16, 17, 'Kab\'an', 'La tierra', 'Representa la estabilidad suprema. Es la dadora de base, de estructura, tanto en el plano físico como en el emocional, psíquico o espiritual. Suelen ser personas bastante fuertes que logran impulsar, con su gran empuje, a que se genere aquello que hace falta para salir adelante. En sombra caen en la sobre interpretación, en ser retadoras, creando argumentos solo para validar aquello con lo que se han entercado. En luz, saben que la verdadera estabilidad es fluir con lo que la realidad les propone, sin presionar, sin recurrir a la fuerza.', 'Kin_16', 'Caban'
,'Calendario_Haab\\Kines\\Kaban.png'),
(17, 18, 'Etz\'anab\'', 'El espejo', 'Es el equilibrio perfecto, la ecuanimidad, la paz interior que brota gracias a una verdadera aceptación de todo tal y como es. En luz el Espejo fluye con todo sin filtros ni reparos, generando una gran armonía entre quienes lo rodean. Es uno de los sellos que se suele llevar mejor con la gente. En sombra sin embargo tiende al juicio extremo, no encuentra orden nada, menos en sí mismo, y termina en crisis por criticarlo todo. No es capaz de verse y suele proyectar sus defectos en los demás. En el calendario maya tradicional se le asocia al cuchillo de obsidiana, cualidad espiritual para cortar de raíz con todo lo que no nos sirve en nuestra vida', 'Kin_17', 'Etznab'
,'Calendario_Haab\\Kines\\Etznab.png'),
(18, 19, 'Kawak', 'La tormenta', 'Es la fuerza transformadora de la realidad. Cuando aparece la tormenta es momento de cambios radicales, no hay de otra. En general es una energía poderosa de creación, suele pasar perfil bajo pero cuando llega el momento se manifiesta con una gran fiereza. En sombra se estacan y no se permiten cambiar, o al revés, generan cierta adicción a los movimientos fuertes permanentes. Pueden también quedarse en la extrema introspección, son muy sensibles, y no mostrarse. En luz logran generar situaciones límites para dejar ir aquello que ya le tocaba irse y poder volver a empezar en un nuevo nivel de evolución.', 'Kin_18', 'Cauac'
,'Calendario_Haab\\Kines\\Kawak.png'),
(19, 20, 'Ajaw', 'El sol', 'Es la energía de mayor evolución. Representa la luz generadora de vida, la sabiduría, la verdad, las cosas tal y como son. Cuando aparece el Sol es momento de brillar, de confiar en quienes ya somos y en lo que ya sabemos de manera intrínseca, y asumir los roles de autoridad, de liderazgo que nos correspondan. Es momento de afrontar la realidad como se presente, así nos cueste. El problema con el Sol es que al ser la verdad puede tornarse intransigente, radical con la ética, con los paradigmas, con lo que considera correcto o cierto, así, debe trabajar por sobre todas las cosas la humildad. La verdadera sabiduría no se anda mostrando, defendiendo o convenciendo, es un estado del alma, de conexión permanente con nuestro ser auténtico.', 'Kin_19', 'Ahau'
,'Calendario_Haab\\Kines\\Ajaw.png');

-- --------------------------------------------------------

--
-- Estructura de tabla para la tabla `nahual`

CREATE TABLE IF NOT EXISTS `nahual` (
  `idweb` int(11) NOT NULL,
  `iddesk` int(11) DEFAULT NULL,
  `nombre` varchar(20) NOT NULL,
  `nombreYucateco` varchar(50) DEFAULT NULL,
  `significado` varchar(100) NOT NULL,
  `htmlCodigo` longtext,
  `categoria` varchar(100) NOT NULL,
  `descripcion` mediumtext,
  `ruta` varchar(100) DEFAULT NULL,
  PRIMARY KEY (`idweb`),
  UNIQUE KEY `iddesk_UNIQUE` (`iddesk`),
  KEY `fk_nahual_categoria1_idx` (`categoria`)
) ENGINE=InnoDB DEFAULT CHARSET=utf8mb4;

--
-- Volcado de datos para la tabla `nahual`
--

INSERT INTO `nahual` (`idweb`, `iddesk`, `nombre`, `nombreYucateco`, `significado`, `htmlCodigo`, `categoria`, `descripcion`, `ruta`) VALUES
(0, 15, 'Tzikin', NULL, 'Pajaro', '<p>\r\n    <strong>Características:</strong>\r\n    Significa pájaro. Es el símbolo de la suerte, la fortuna y los bienes materiales. También es símbolo de libertad y es el nawal de las aves.\r\n  </p>\r\n  <p>\r\n    Simboliza el pájaro sagrado Q’uq’umatz. Este día es propicio para pedir por la abundancia de los bienes como el dinero.\r\n    Se quema el ajonjolí y el chocolate como ofrendas a Ajaw. Se encienden candelas de colmena pura y se le pide a Ajaw un buen negocio.\r\n    Tz’ikin significa pájaro y simboliza la intermediación entre los seres humanos y Ajaw, representado por todo lo que hay en el espacio:\r\n    el aire, las nubes, el frío y el calor. Son fuerzas invisibles, pero que El Corazón del Cielo y El Corazón de la Tierra las ha puesto\r\n    a nuestro servicio y protección.\r\n  </p>\r\n  <p>\r\n    También es un día de desarrollo espiritual y, por tanto, de  la plena realización humana.\r\n    Es el día para agradecer los bienes materiales principalmente lo relacionado a dinero.\r\n    Sin embargo, al no agradecer estos favores también puede traer la miseria.\r\n  </p>\r\n  <p>\r\n    <strong>Función Espiritual:</strong>\r\n  </p>\r\n  <ul>\r\n    <li> Agradecimiento por los bienes materiales, principalmente lo del dinero.</li>\r\n    <li> Propicia buena suerte en el negocio.</li>\r\n    <li> Día de invocación porque las aves no molesten los sembradíos.</li>\r\n    <li> Día para la protección del negocio.</li>\r\n    <li> Día para realizar invocaciones para que las siembras estén protegidas de los animales.</li>\r\n  </ul>\r\n  <p><strong>Su origen:</strong> Kej <strong>destino:</strong> Aq\'ab\'al</p>\r\n  <p>\r\n    <strong>Fortalezas:</strong>\r\n  </p>\r\n  <ul>\r\n    <li> Es bueno para el negocio.</li>\r\n    <li> Es mensajero, paciente y amable.</li>\r\n    <li> De buen temperamento.</li>\r\n    <li> Tiene habilidad para el análisis y es buen observador.</li>\r\n    <li> Desarrolla mejor su inteligencia.</li>\r\n    <li> Puede tener dotes para la predicción de las cosas.</li>\r\n    <li> Puede ser afortunado en lo material.</li>\r\n    <li> Puede tener bien desarrollado la parte espiritual.</li>\r\n  </ul>\r\n  <p>\r\n    <strong>Debilidades:</strong>\r\n  </p>\r\n  <ul>\r\n    <li> Envidia</li>\r\n    <li> Infidelidad</li>\r\n    <li> Avaricia</li>\r\n    <li> Tacañería</li>\r\n    <li> En algún vicio</li>\r\n  </ul>', 'Nahual_0', 'Es el Nawal del bienestar económico, la buena fortuna, día propicio para agradecer y pedir el bienestar económico.\nEs la comunicación e intermediación entre Uk´ux Kaj y Uk´ux Ulew, el corazón del cielo y el corazón de la tierra.\nPersonas que construyen su propio bienestar.'
,'Calendario_Cholquij\\Nahuales\\cholquij-tzikin.png'),
(1, 16, 'Ajmaq', NULL, 'Búho, falta o culpa', '<p>\n    <strong>Características:</strong>\n    Esta palabra significa pecador en K’iche’.  Es el día de los pecadores.  Este día se dedica a pedir perdón por los pecados y por los pecadores.\n    Es el día dedicado a los difuntos.  El pecado es una columna de humo que nos oculta delante de la presencia de Dios.\n    Nuestros antepasados dijeron:  “que el pecado es la ofensa que se hace directamente a Dios.\n    No creer, no servir, no alabar al Corazón del Cielo, al corazón de la Tierra.  Mak es ofensa a Dios y Wuqub’ qak’ix  es ofensa al prójimo”\n  </p>\n  <p>\n    Es el día de los que no podemos ver, el día de los difuntos.  El día de la fortaleza que nos da la historia de nuestro pasado.\n    También es el día del castigo cuando no estamos actuando en concordancia con las enseñanzas que ellos nos legaron.  Es el día del enojo de los difuntos. (BEA)\n  </p>\n  <p>\n    “Ajmaq no es un mal día.  Es un día para pedir perdón por los pecados.\n    Son  los días en los cuales se reza por protección, ya que de estos días puede venirle a uno, daño por sus pecados o sus malos pensamientos.\n  </p>\n  <p>\n    es la muerte en casa, la muerte natural por enfermedad, la muerte tranquila.\n    En ese día se habla con los difuntos, es para pedir perdón en el caso de los pecadores.\n  </p>\n  <p>\n    <strong>Significa:</strong>\n  </p>\n  <ul>\n    <li> Purificar el espíritu de los muertos y vivos.</li>\n    <li> Día para conmemorar los difuntos.</li>\n    <li> Perdón para nuestros pecados.</li>\n  </ul>\n  <p><strong>Significado Clave:</strong> Autoridad y Estatus.</p>\n  <p>\n    <strong>Fortalezas:</strong>\n  </p>\n  <ul>\n    <li> Posee sabiduría, inteligencia</li>\n    <li> Buena memoria</li>\n    <li> Muy valiente</li>\n    <li> Se les facilita el diálogo</li>\n    <li> Prudente, discreto</li>\n    <li> Buenos maestros y consejeros</li>\n    <li> Muy sociable</li>\n    <li> Es profundo</li>\n    <li> Es serio</li>\n    <li> Realista</li>\n    <li> Predicador</li>\n    <li> Comunicativo</li>\n  </ul>\n  <p>\n    <strong>Debilidades:</strong>\n  </p>\n  <ul>\n    <li> Pecador</li>\n    <li> Enamorado</li>\n    <li> Alcohólico</li>\n    <li> Destructores de la herencia</li>\n    <li> Mentirosos</li>\n    <li> Afamados</li>\n    <li> Resentido</li>\n    <li> Ladrón</li>\n    <li> Adúltero</li>\n    <li> Fríos e insensibles</li>\n    <li> Minimizan los sentimientos de los demás</li>\n    <li> Interesados en la autoridad y posición social y política</li>\n  </ul>', 'Nahual_1', 'Es el Nawal de todas las faltas, es el día de los abuelos que ya no están (difuntos).\nEs el día para pedir perdón por las faltas.\nPersonas valientes y de sangre dulce que  fácilmente caen en culpas.'
,'Calendario_Cholquij\\Nahuales\\cholquij-ajmaq.png'),
(2, 17, 'No\'j', NULL, 'Idea o sabiduria', '<p>\n    <strong>Características:</strong>\n    Es la sabiduría y el conocimiento. Es el nawal de la inteligencia. Es el buen consejo, según los abuelos y abuelas.\n    Es la sabiduría que viene del Formador y Creador. También es uno de los Cargadores del Tiempo.\n    Día propicio para agradecer el conocimiento y pedir buenos pensamientos.\n  </p>\n  <p>\n    El que nace bajo la influencia del No’j será inteligente, activo y tendrá buenos pensamientos, siempre y cuando sepa manejar las energías del día.\n    Significa también idea y sabiduría. Según los mayas ningún hombre es sabio. Por eso, el hombre, para recibir ideas y consejos,\n    debe consultar al Ajaw por medio del “xukulem” o la ceremonia maya. También puede realizar dichas consultas por medio del tz’ite’,\n    mediante la intermediación del Ajq’ij, para recibir los consejos de los abuelos y abuelas. Dentro de la espiritualidad maya,\n    el hombre tiene ideas pero no sabiduría. Por eso, es importante juntarse en consejo para unir ideas y formar así  una ciencia.\n    Nuestros antepasados se reunían en consejo bajo la protección del No’j.\n  </p>\n  <p>\n    es el día de la sabiduría. Es el día  para tomar decisiones de manera particular o en consejo. Es un día que propicia la planificación de algún proyecto y de los\n    lineamientos a seguir en la conducción de la comunidad y de la sociedad en general. También es el día en que nuestro pensamiento puede tener mayor fluidez.\n  </p>\n  <p>\n    <strong>Función espiritual:</strong>\n  </p>\n  <ul>\n    <li> Agradecer el conocimiento y las ideas.</li>\n    <li> Agradecer la inteligencia.</li>\n    <li> Día para acrecentar la memoria.</li>\n    <li> Agradecer la inteligencia.</li>\n    <li> Día para pedir buenos consejos.</li>\n  </ul>\n  <p><strong>Su origen:</strong> Toj <strong>destino:</strong> Kan</p>\n  <p>\n    <strong>Fortalezas:</strong>\n  </p>\n  <ul>\n    <li> Es poseedor de muchos conocimientos.</li>\n    <li> Es inteligente y es consejero.</li>\n    <li> Puede llegar a ser científico.</li>\n    <li> Es ordenado y creativo.</li>\n    <li> Es justo y humanista.</li>\n    <li> Es buen estudiante.</li>\n    <li> Puede llegar a ser un buen líder.</li>\n  </ul>\n  <p>\n    <strong>Debilidades:</strong>\n  </p>\n  <ul>\n    <li> Puede caer en el orgullo.</li>\n    <li> Se puede enojar con facilidad.</li>\n    <li> Le cuesta tomar decisiones.</li>\n    <li> Puede ser individualista y egoísta.</li>\n  </ul>', 'Nahual_2', 'Significa idea, sabiduría.\nEs el Nawal de la inteligencia, día dedicado a pedir la sabiduría, el talento, el buen pensamiento.\nEs el Nawal del temblor o sismo.\nPersonas muy creativas e imaginativas.'
,'Calendario_Cholquij\\Nahuales\\cholquij-noj.png'),
(3, 18, 'Tijax', NULL, 'Pedernal o obsidiana', '<p>\n    <strong>Características:</strong>\n    Significa piedra y obsidiana. Es el símbolo del pedernal. Es la energía de la persona que cura en la cultura maya.\n    Es el poder del trueno y el rayo. La persona que nace bajo la influencia de este día, puede ser un gran curandero o médico con mucha energía en las manos.\n    Es ajq’íj, cura enfermedades físicas y psicológicas. Puede arreglar fracturas de los huesos.\n  </p>\n  <p>\n    Una de las influencias negativas del día es que puede causar algún sufrimiento o malestar. Según los Ajq’ijab’, es un día que “come”.\n    Para no ser alcanzado por estas influencias negativas debe hacerse alguna ofrenda y solicitar la intermediación del Guía Espiritual.\n  </p>\n  <p>\n    Es un día que puede evitar la humillación y la ruina a causa de algo o alguien. Es un día de protección.\n    Los que nacen es este día pueden llegar a ser coléricos y pueden destruir espiritual o emocionalmente a alguien.\n    A veces, nadie les aguanta y resulta difícil comprenderlos.\n  </p>\n  <p><strong>Su origen:</strong> Tz\'i <strong>destino:</strong> Keme</p>\n  <p>\n    <strong>Fortalezas:</strong>\n  </p>\n  <ul>\n    <li> Es protector de la justicia.</li>\n    <li> Es fuerte y servicial.</li>\n    <li> Es incansable por lo que quiere lograr.</li>\n    <li> Puede llegar a ser Guía Espiritual.</li>\n    <li> Posee habilidad para arreglar fracturas en los huesos.</li>\n    <li> Se puede defender muy bien ante cualquier problema.</li>\n  </ul>\n  <p>\n    <strong>Debilidades:</strong>\n  </p>\n  <ul>\n    <li> Puede ser violento y enojado.</li>\n    <li> Puede sufrir enfermedades.</li>\n    <li> Puede ofenderse fácilmente.</li>\n    <li> Puede caer en la venganza y en los pleitos.</li>\n  </ul>', 'Nahual_3', 'Nawal de la muerte repentina y los sufrimientos.\nDía propicio para curanderos y autoridades,  para cortar males y enfermedades.\nPersonas confrontativas que cortan toda clase de males y problemas.\n'
,'Calendario_Cholquij\\Nahuales\\cholquij-tijax.png'),
(4, 19, 'Kawoq', NULL, 'Trueno o dificultad', '<p>\r\n    <strong>Características:</strong>\r\n    Es el nawal de la mujer como comadrona. Es el día de la Vara Espiritual, le Pisom Q’aq’al. Es el relámpago.\r\n    Es la dualidad del fuego sagrado en función de la espiritualidad maya. Es el día de la comunidad, de la familia, del grupo y de la sociedad.\r\n    Es la energía que facilita las lluvias para darnos buenas cosechas, principalmente la del maíz.\r\n  </p>\r\n  <p>\r\n    Proporciona capacidad y habilidad para curar y orientar. Es la energía que fortalece a las Guías Espirituales. Mantiene la energía y la fertilidad.\r\n    Es un día de mucha relación con la Madre Tierra y los elementos al proveer sabiduría para el manejo de las plantas medicinales.\r\n    Facilita la unidad y el cuidado de la familia. Es el día de la mujer como esposa y madre que calienta el seno del hogar.\r\n    También es un día especial para la plena realización de la mujer en la comunidad y en la sociedad.\r\n  </p>\r\n  <p>\r\n    <strong>Función Espiritual:</strong>\r\n  </p>\r\n  <ul>\r\n    <li> Día del terapeuta (el que arregla huesos) y de la comadrona.</li>\r\n    <li> Uno de los días para tratar enfermedades.</li>\r\n    <li> Día para invocar por la familia (hogar) y la comunidad.</li>\r\n    <li> Uno de los días especiales para pedir lluvia.</li>\r\n    <li> Día para invocar para que los niños y niñas al nacer no vengan con defectos físicos.</li>\r\n  </ul>\r\n  <p><strong>Su origen:</strong> B\'atz\' <strong>destino:</strong> Kej</p>\r\n  <p>\r\n    <strong>Fortalezas:</strong>\r\n  </p>\r\n  <ul>\r\n    <li> Es equilibrado y cariñoso.</li>\r\n    <li> Vive y trabaja por su familia.</li>\r\n    <li> Si es mujer, puede ser comadrona.</li>\r\n    <li> Puede llegar a ser Guía Espiritual.</li>\r\n    <li> Es buen comunicador y expositor.</li>\r\n  </ul>\r\n  <p>\r\n    <strong>Debilidades:</strong>\r\n  </p>\r\n  <ul>\r\n    <li> Puede caer en el enojo.</li>\r\n    <li> A veces es perseguido por los problemas y los pleitos.</li>\r\n    <li> No es muy afortunado en el amor.</li>\r\n    <li> Se le puede culpar de todo lo que pasa.</li>\r\n    <li> Muy hablador.</li>\r\n    <li> Se puede meter en donde no es llamado.</li>\r\n  </ul>', 'Nahual_4', 'Es el Nawal de toda clase de pleitos, es el día de la mujer,  día para curar enfermedades.\nNawal de la piedra de cuarzo y de las semillas de Tz´ité.\nPersonas creativas, defensoras de la mujer.'
,'Calendario_Cholquij\\Nahuales\\cholquij-kawoq.png'),
(5, 20, 'Ajpu', NULL, 'Cerbatanero o señor principal', '<p>\r\n    <strong>Características:</strong>\r\n    Es la luz y es la representación del Abuelo Sol. Significa cerbatanero, cazador, tirador y caminante.\r\n    Es el día de la fuerza corporal y del triunfo del bien sobre los obstáculos.\r\n    Es la representación del triunfo de Jun Ajpu e Ixbalamke sobre los señores de Xib’alb’a. Esta señal le fue dada a la abuela Ixmukane\r\n    cuando retoñó el cañaveral que sembraron los dos muchachos en el patio de la casa.\r\n  </p>\r\n  <p>\r\n    Es el día del gran Ajaw, el padre y su representación solar, el día de la grandeza, de la fuerza de la vida.\r\n    Es el que trae luz y claridad a los seres humanos y sobre toda la humanidad.\r\n  </p>\r\n  <p>\r\n    Es la fuerza regenerativa, el ciclo de la vida. La facultad para tener a toda la galaxia.\r\n    Rige los eclipses lunares y solares. Es el momento de servir a los demás.\r\n  </p>\r\n  <p>\r\n    <strong>Función Espiritual:</strong>\r\n  </p>\r\n  <ul>\r\n    <li> Día para ofrendar a los abuelos y abuelas fallecidas.</li>\r\n    <li> Día propicio para tratar enfermedades.</li>\r\n    <li> Se pide la vida y la fuerza.</li>\r\n    <li> Día para pedir el triunfo del bien sobre el mal.</li>\r\n  </ul>\r\n  <p><strong>Su origen:</strong> E <strong>destino:</strong> Q\'anil</p>\r\n  <p>\r\n    <strong>Fortalezas:</strong>\r\n  </p>\r\n  <ul>\r\n    <li> Puede desarrollar mejor la inteligencia.</li>\r\n    <li> Puede tener dotes de artista.</li>\r\n    <li> Es alegre.</li>\r\n    <li> Se defiende muy bien.</li>\r\n    <li> Puede llegar a ser Guía Espiritual.</li>\r\n    <li> Es bueno para la cacería.</li>\r\n  </ul>\r\n  <p>\r\n    <strong>Debilidades:</strong>\r\n  </p>\r\n  <ul>\r\n    <li> Puede caer en el enojo.</li>\r\n    <li> Puede ser tajante.</li>\r\n    <li> Es delicado.</li>\r\n    <li> Puede enfermarse.</li>\r\n    <li> Puede evadir responsabilidades.</li>\r\n    <li> Le dificulta aceptar correcciones.</li>\r\n    <li> Puede tener una actitud autosuficiencia.</li>\r\n  </ul>', 'Nahual_5', 'Es el Nawal de sol, día para pedir sabiduría, talento y fortaleza física.\nNawal de las flores, la  música, el deporte,  los cazadores y la agricultura.\nPersonas líderes, selectivas, buscan primero su beneficio.'
,'Calendario_Cholquij\\Nahuales\\cholquij-ajpu.png'),
(6, 1, 'Imox', NULL, 'Locura o pez', '  <p>\n    <strong>Características:</strong>\n    Símbolo de las fuerzas ocultas del universo manifestadas en demencia. “Imox” es el nombre de  todas las cosas secretas.\n    En general, es un día de influencias negativas. Es un día peligroso. Es símbolo del hemisferio izquierdo, la parte sutil de los seres humanos,\n    es la sensibilidad. Es la esencia de nuestra conciencia y de nuestra mente.\n  </p>\n  <p>\n    Es el nawal o espíritu del agua. Genera movimiento pero, también, descontrol emocional. Es un día con influencias negativas\n    y los que nacen en este día pueden convertirse en busca pleitos. Por eso, el día es propicio para las ceremonias de limpieza emocional.\n  </p>\n  <p>\n    Significa idiotez y locura. Es un día especial para pedir la abundancia de agua. Día para invocar por los ríos y\n    nacimientos de agua para que no se sequen. Su trabajo es ayudar al hemisferio derecho del cerebro a realizar un mejor trabajo y a tomar una buena actitud.\n  </p>\n  <p>\n    Es el día de la perturbación mental o de la equivocación.  No es indicado para tomar decisiones. Es el día en que se puede implorar y limpiar\n    las perturbaciones provocadas por el enemigo en todos los órdenes de la vida.\n  </p>\n  <p>\n    <strong>Funcion Espiritual:</strong>\n  </p>\n  <ul>\n    <li> Tratamiento de las perturbaciones mentales.</li>\n    <li> Día especial para invocar por el agua.</li>\n    <li> Invocaciones para mantener el equilibrio mental, espiritual, físico y emocional.</li>\n  </ul>\n  <p><strong>Su origen:</strong> Aj <strong>destino:</strong> Toj</p>\n  <p>\n    <strong>Fortalezas:</strong>\n  </p>\n  <ul>\n    <li> Puede desarrollar la clarividencia.</li>\n    <li> Puede captar los mensajes y señales de la naturaleza.</li>\n    <li> Puede desarrollar con mayor grado su hemisferio izquierdo.</li>\n    <li> Puede tener buenas iniciativas.</li>\n  </ul>\n  <p>\n    <strong>Debilidades:</strong>\n  </p>\n  <ul>\n    <li> Se le olvida con facilidad las cosas.</li>\n    <li> Puede resultar muy inseguro.</li>\n    <li> Puede tener reacciones violentas.</li>\n    <li> Es ordenado en sus cosas.</li>\n    <li> Puede tener un carácter variado.</li>\n  </ul>', 'Nahual_6', 'Es el Nawal del mar, ríos y lagos, día para sanar enfermedades de la mente, para agradecer y pedir la lluvia, enfermedades de la mente. El Nawal de todos los lugares donde está el agua.\nNo es el concepto de locura que conocemos comúnmente,  es la capacidad de sentir lo que otros no sienten, por eso dicen que  hablan locuras.\n'
,'Calendario_Cholquij\\Nahuales\\cholquij-imox.png'),
(7, 2, 'Iq\'', NULL, 'Viento o luna', '<p>\r\n    <strong>Características:</strong>\r\n    Es el viento y la vida. Es nawal de la lluvia. Es el día del Corazón del Cielo y Corazón de la Tierra. Es el aire y el soplo sagrado que da fuerza y vida.\r\n    En este día se le pide al viento que se lleve los sufrimientos o las enfermedades de la persona.\r\n  </p>\r\n  <p>\r\n    Significa aire y aliento de vida. También, es el nawal de Junraqan (Huracán) convertido en tornado. Es uno de los Cargadores del Tiempo.\r\n    Es, también, la respiración de la persona. Es el soplo sagrado, suave y apacible purificador del cuerpo, de la mente, del espíritu y de las emociones.\r\n    Es el espacio invisible existente entre la materia. Es uno de los elementos que produce los fenómenos naturales.\r\n  </p>\r\n  <p>\r\n    El niño que nace en Iq’ es un niño que hace de todo pero no llega a nada. Es como el aire que toca y arrastra todo lo que encuentra en su camino.\r\n    Puede construir pero también destruye.\r\n  </p>\r\n  <p>\r\n    <strong>Función Espiritual:</strong>\r\n  </p>\r\n  <ul>\r\n    <li> Es día propicio para efectuar ceremonias al espíritu del aire o viento.</li>\r\n    <li> Día para tratar enfermedades respiratorias, psicológicas y emocionales.</li>\r\n    <li> Día de invocación para que el aire no destruya las siembras.</li>\r\n  </ul>\r\n  <p><strong>Su origen:</strong> I\'x <strong>destino:</strong> Tz\'i\'</p>\r\n  <p>\r\n    <strong>Fortalezas:</strong>\r\n  </p>\r\n  <ul>\r\n    <li> Puede adaptarse a cualquier situación.</li>\r\n    <li> Posee fuerza física.</li>\r\n    <li> Es soñador e imaginativo.</li>\r\n    <li> Puede tener ideas futuristas.</li>\r\n    <li> No asusta casi nada.</li>\r\n  </ul>\r\n  <p>\r\n    <strong>Debilidades:</strong>\r\n  </p>\r\n  <ul>\r\n    <li> De carácter muy fuerte.</li>\r\n    <li> Puede resultar inseguro e impulsivo.</li>\r\n    <li> Puede caer en la infidelidad con su pareja.</li>\r\n    <li> Puede sufrir algunos problemas sociales y económicos.</li>\r\n    <li> Le encanta decir directamente las cosas.</li>\r\n  </ul>', 'Nahual_7', 'Es el Nawal del aire y la luna, del espíritu del ser humano. Día para alejar energías malas y enfermedades. Es el viento que limpia nuestra casa y nuestro cuerpo.\nPersonas nobles que se involucran en los problemas de otros fácilmente. Van y vienen de un lugar a otro, como el viento.'
,'Calendario_Cholquij\\Nahuales\\cholquij-iq.png'),
(8, 3, 'Aq\'ab\'al', NULL, 'Amanecer, aurora y mano', '<p>\n    <strong>Características:</strong>\n    Es el símbolo de la mano y de la aurora formada por los primeros rayos del sol que se asoman sobre\n    las montañas para disipar las tinieblas y la oscuridad de la noche.\n  </p>\n  <p>\n    Significa amanecer, aurora, luz, claridad, nuevo día. Es la renovación de energía.\n    Es la llegada de la luz, del crepúsculo, la luz que se asoma detrás de los cerros y montañas.\n  </p>\n  <p>\n    Es el día del amanecer, del futuro promisorio que esperamos cada día, los mejores días para nuestro pueblo y para cada persona en particular.\n  </p>\n  <p>\n    <strong>Función Espiritual:</strong>\n  </p>\n  <ul>\n    <li> Aclara los conocimientos.</li>\n    <li> Aclara el camino de la vida.</li>\n    <li> Conduce a nuevas oportunidades de la vida.</li>\n    <li> Ilumina las cosas ocultas.</li>\n    <li> Día para agradecer la creación del ser humano.</li>\n  </ul>\n  <p><strong>Su origen:</strong> Tz\'ikin <strong>destino:</strong> Batz\'</p>\n  <p>\n    <strong>Fortalezas:</strong>\n  </p>\n  <ul>\n    <li> Es madrugador, alegre y sereno.</li>\n    <li> Puede tener buen carácter.</li>\n    <li> Puede tener dotes para tratar enfermedades.</li>\n    <li> Puede ser Guía Espiritual.</li>\n    <li> Son fuertes, dinámicos y astutos.</li>\n    <li> Puede tener seguridad mental y física.</li>\n  </ul>\n  <p>\n    <strong>Debilidades:</strong>\n  </p>\n  <ul>\n    <li> No es bien reconocido en su tierra.</li>\n    <li> Puede encontrar el fracaso.</li>\n    <li> Puede caer en la mentira y la traición.</li>\n    <li> Puede tener dificultades en lo económico.</li>\n    <li> Es un poco reservado y aislado.</li>\n  </ul>', 'Nahual_8', 'Es el Nawal de la claridad, día para pedir que salga la luz en todas las cosas.\nEl día de las personas que componen los huesos de los enfermos y de los curanderos con plantas.\nPersonas que cumplen sus compromisos.\n'
,'Calendario_Cholquij\\Nahuales\\cholquij-aqabal.png'),
(9, 4, 'K\'at', NULL, 'Red, cautiverio o iguana', '<p>\r\n    <strong>Características:</strong>\r\n    Está relacionado con la palabra k’atik que significa arder. Símbolo del fuego y de la red. En el ritual se hace mención del día como\r\n    tiempo para el enredo y el desenredo. Es el que enreda y desenreda la vida.\r\n  </p>\r\n  <p>\r\n    Es la red donde se guarda la mazorca. La red con la que se pesca. La red donde mueren los peces. Significa cautiverio y ausencia de libertad.\r\n    Signo de opresión que se ejerce sobre una comunidad.\r\n  </p>\r\n  <p>\r\n    Es el trastecito o el bracero que le entregan a uno cuando recibe el Pisom Q’aq’al o la Vara Sagrada.\r\n    Para los nacidos en K’at, en la espiritualidad maya, se les recomienda visitar al Ajq’ij cada veinte días para efectuar su ceremonia.\r\n    De lo contrario, pueden tener muchos enredos en el camino, en el trabajo y en la vida.\r\n  </p>\r\n  <p>\r\n    <strong>Función Espiritual:</strong>\r\n  </p>\r\n  <ul>\r\n    <li> Se puede pedir por la liberación de algún preso.</li>\r\n    <li> Pedir porque el parto sea normal.</li>\r\n    <li> Día del desenvolvimiento e investigación de la ciencia.</li>\r\n    <li> Día para arreglar problemas emocionales y de amor.</li>\r\n  </ul>\r\n  <p><strong>Su origen:</strong> Ajmaq <strong>destino:</strong> E</p>\r\n  <p>\r\n    <strong>Fortalezas:</strong>\r\n  </p>\r\n  <ul>\r\n    <li> Persona sincera y ordenada.</li>\r\n    <li> Puede ser líder.</li>\r\n    <li> Puede ser una persona muy afortunada en lo económico.</li>\r\n    <li> Puede ser Guía Espiritual.</li>\r\n    <li> Persona muy activa y curiosa.</li>\r\n    <li> Puede recordar las cosas facilidad.</li>\r\n    <li> Puede ser muy tajante en su decisión.</li>\r\n  </ul>\r\n  <p>\r\n    <strong>Debilidades:</strong>\r\n  </p>\r\n  <ul>\r\n    <li> Puede caer en los chismes y en el enojo.</li>\r\n    <li> Puede resultar nervioso.</li>\r\n    <li> Puede perder las cosas con facilidad.</li>\r\n    <li> Puede estar propenso a malas influencias.</li>\r\n    <li> Puede caer en el individualismo.</li>\r\n    <li> Puede caer en el orgullo.</li>\r\n    <li> Con tendencia a meterse en los problemas ajenos.</li>\r\n  </ul>', 'Nahual_9', 'Es el Nawal de las cárceles visibles e invisibles. Es guardador.\nRepresenta la red donde se guarda el  maíz y donde se atrapan los peces. Día para pedir por los que están presos, para enredar y desenredar las cosas.\nPersonas con mucho fuego en su ser.  Manejan energías positivas y negativas'
,'Calendario_Cholquij\\Nahuales\\cholquij-kat.png'),
(10, 5, 'Kan', NULL, 'Serpiente emplumada', ' <p>\r\n    <strong>Características:</strong>\r\n    Significa movimiento, Es el símbolo de la Gran Energía que creó el Universo. Es la Serpiente Emplumada o Q’uq’umatz.\r\n    Es la evaluación humana y el desarrollo espiritual. Es la Sabiduría y el ciclo del tiempo. Es guardián del bosque. Es el día de la transformación.\r\n  </p>\r\n  <p>\r\n    significa justicia y equilibrio. Es un día muy fuerte y “enojado”. Es un día que puede traer malas influencias como el enojo y la riña.\r\n    Sin embargo, es un símbolo de la verdad y es rápido e implacable cuando la justicia señala a alguien el lugar de los perdedores.\r\n    La energía del día se presta para la solución de problemas.\r\n  </p>\r\n  <p>\r\n    <strong>Función Espiritual:</strong>\r\n  </p>\r\n  <ul>\r\n    <li> Invocaciones por la igualdad y justicia.</li>\r\n    <li> Día para desarrollar la fuerza física.</li>\r\n    <li> Día para desarrollar el fuego interior y la evolución espiritual.</li>\r\n    <li> Uno de los días para realizar invocaciones por la lluvia.</li>\r\n    <li> Día para alejar el enojo, la timidez y el mal carácter.</li>\r\n  </ul>\r\n  <p><strong>Su origen:</strong> No\'j <strong>destino:</strong> Aj</p>\r\n  <p>\r\n    <strong>Fortalezas:</strong>\r\n  </p>\r\n  <ul>\r\n    <li> Persona con mucho conocimiento.</li>\r\n    <li> Puede tener mucha habilidad para la intuición.</li>\r\n    <li> Muy inteligente.</li>\r\n    <li> Practica la sinceridad y la justicia.</li>\r\n    <li> Puede llegar a ser líder.</li>\r\n    <li> Puede tener habilidad para los pronósticos y la clarividencia.</li>\r\n    <li> Puede ser Guía Espiritual.</li>\r\n    <li> Es humilde.</li>\r\n  </ul>\r\n  <p>\r\n    <strong>Debilidades:</strong>\r\n  </p>\r\n  <ul>\r\n    <li> Puede estar influenciado por el enojo y la traición.</li>\r\n    <li> Puede caer en el resentimiento y la avaricia.</li>\r\n    <li> Es desconfiado y sorpresivo.</li>\r\n  </ul>', 'Nahual_10', 'Es el Nawal de la creación del hombre y la mujer. Es el dueño de todas las cosas materiales.  Día para pedir solución a toda clase de problemas y necesidades.\nPersonas con un alto sentido de la lealtad.'
,'Calendario_Cholquij\\Nahuales\\cholquij-kan.png'),
(11, 6, 'Kame', NULL, 'Muerte o dueño de la oscuridad', '<p>\r\n    <strong>Características:</strong>\r\n    Es el símbolo de la muerte. Símbolo de la disolución final de todas las cosas, buenas y malas. Significa tecolote y muerte.\r\n    Es el renacimiento. Significado que se expresa a través de los sagrados granos de Tz’ite’ o Palo de Pito. Es día propicio para\r\n    pedir por la salud de los enfermos y para hacer ofrendas porque progrese el negocio.\r\n  </p>\r\n  <p>\r\n    Es la energía de las personas que mueren de manera natural. Puede restar fuerza a una persona o fortalecerla. Pronostica lo bueno y lo malo.\r\n    Es la comunicación con las abuelas y abuelos a través de las candelas de cebo que se ofrecen en las ceremonias.\r\n    Prudencia y protección para evitar accidentes. Es el Juez Supremo de todas las cosas. Nawal de la enfermedad y de la muerte.\r\n  </p>\r\n  <p>\r\n    <strong>Función Espiritual:</strong>\r\n  </p>\r\n  <ul>\r\n    <li> Es un día bueno para el negocio.</li>\r\n    <li> Día especial para comunicarse con los ancestros.</li>\r\n    <li> Fortalecimiento de la vida.</li>\r\n    <li> Día para pedir protección en los viajes.</li>\r\n    <li> Día para contrarrestar enfermedades.</li>\r\n  </ul>\r\n  <p><strong>Su origen:</strong> Tijax <strong>destino:</strong> I’x</p>\r\n  <p>\r\n    <strong>Fortalezas:</strong>\r\n  </p>\r\n  <ul>\r\n    <li> Puede ser médico.</li>\r\n    <li> Es fuerte ante sus enemigos.</li>\r\n    <li> Es inteligente, respetuoso y seguro.</li>\r\n    <li> Puede controlarse.</li>\r\n    <li> Puede desarrollar habilidades para la clarividencia.</li>\r\n  </ul>\r\n  <p>\r\n    <strong>Debilidades:</strong>\r\n  </p>\r\n  <ul>\r\n    <li> Puede tener un temperamento fuerte.</li>\r\n    <li> Propenso al suicidio.</li>\r\n    <li> Puede sufrir mucho al no cumplir con sus obligaciones con la Madre Naturaleza.</li>\r\n    <li> Puede tener tendencias a la mentira y a la infidelidad con su pareja.</li>\r\n  </ul>', 'Nahual_11', 'Es el Nawal de toda clase de muertes, día para pedir que se aleje la muerte. Se pide el descanso y  paz de un moribundo. La Muerte no es mala,  es el complemento de la vida, el descanso.\nEs el día para retirar energías negativas en las personas. Personas con habilidad para las artes y oficios.'
,'Calendario_Cholquij\\Nahuales\\cholquij-kame.png'),
(12, 7, 'Kej', NULL, 'Venado', '<p>\r\n    <strong>Características:</strong>\r\n    El nawal del Kej es muy masculino y si una mujer nace en este día, tiene el carácter y voz fuertes y es de alguna manera varonil.\r\n  </p>\r\n  <p>\r\n    Simboliza venado, los cuatro sostenes, los cuatro pilares, es decir los cuatro puntos cardinales.\r\n    Es el día fuerte y bueno.  Es un día que aplasta.   Es un día que demuestra su fuerza y su poder.\r\n  </p>\r\n  <p>\r\n    Los que nacen en este día:  son de carácter fuerte y poseen fortaleza física.  Son buenos defensores de otras personas,\r\n    pero no pueden defenderse a sí mismos.  pueden ser ricos y poseer muchos bienes. generalmente gozan de buena salud pues no se enferman con facilidad.\r\n  </p>\r\n  <p>\r\n    Son los cuatro puntos cardinales que sostienen el mundo; sostiene  la vida del hombre.  Los que nacen en este día son caminantes y tienen  suerte en el negocio.\r\n  </p>\r\n  <p>\r\n    Es el día en que se pide fuerza, fortalecimiento, endurecimiento, para que uno sea duro, aguantador en caso de enfermedades, golpes, críticas,\r\n    que uno aguante lo duro de la vida. Los que nacen en Kej podrían ser buenos guías espirituales mayas.\r\n  </p>\r\n  <p>\r\n    <strong>Significado:</strong>\r\n  </p>\r\n  <ul>\r\n    <li> La cruz maya.</li>\r\n    <li> Los cuatro puntos cardinales.</li>\r\n    <li> Los cuatro sostenes de la tierra.</li>\r\n    <li> Nawal de los defensores.</li>\r\n    <li> Los cuatro colores de las energías.</li>\r\n    <li> Caballo, fuerza, aguantador.</li>\r\n  </ul>\r\n  <p>\r\n    <strong>Fortalezas:</strong>\r\n  </p>\r\n  <ul>\r\n    <li> Buenos defensores</li>\r\n    <li> Poseen riquezas</li>\r\n    <li> Gozan de buena salud</li>\r\n    <li> Son buenos guías espirituales</li>\r\n    <li> Son muy sociables</li>\r\n    <li> Son fuertes, inteligentes, responsables, positivos y triunfadores.</li>\r\n    <li> En el matrimonio son muy equilibrados</li>\r\n  </ul>\r\n  <p>\r\n    <strong>Debilidades:</strong>\r\n  </p>\r\n  <ul>\r\n    <li> Puede hacer el mal con su pensamiento</li>\r\n    <li> Tiene un carácter fuerte</li>\r\n    <li> Pueden ser muy compulsivos</li>\r\n    <li> Les gusta la popularidad y el poder</li>\r\n    <li> Podrían ser autocráticos, manipuladores etc.</li>\r\n    <li> Les gusta la comodidad</li>\r\n    <li> Son muy reservados</li>\r\n    <li> Autoritarios</li>\r\n    <li> Suelen ser exigentes</li>\r\n    <li> Les gusta hundir y aplastar a las personas.</li>\r\n    <li> Podrían ser necios</li>\r\n  </ul>', 'Nahual_12', 'Es el nawal de toda clase de animales cuadrúpedos. Día para pedir fuerza para cargar con nuestras penas.\nNawal de las cuatro esquinas del mundo.\nDía de los Ajqíjab´ o sacerdotes mayas.\nPersonas líderes, dominantes con su pareja, les gusta la fama.'
,'Calendario_Cholquij\\Nahuales\\cholquij-kej.png'),
(13, 8, 'Q\'anil', NULL, 'Semilla, simiente o conejo', '<p>\r\n    <strong>Características:</strong>\r\n    Este es un día propicio para las rogativas que se hacen con relación al maíz y para darle gracias a la divinidad de la tierra, por la cosecha de maíz.\r\n  </p>\r\n  <p>\r\n    Es el nawal de las cosechas. El que nace en este día es buen agricultor. Hay que buscar este tanto para la siembra como para la cosecha del maíz.\r\n  </p>\r\n  <p>\r\n    Simboliza los cuatro colores del maíz existentes en Meso América: rojo, negro, blanco y amarillo. Los cuatro colores de la piel de la humanidad.\r\n    Los cuatro puntos cardinales del universo. En este día se pide buena cosecha. Es el día del agricultor.\r\n  </p>\r\n  <p>\r\n    <strong>Significado:</strong>\r\n  </p>\r\n  <ul>\r\n    <li> Nawal de la semilla.</li>\r\n    <li> germinación de todos los seres vivientes.</li>\r\n    <li> Día de la construcción de los primeros abuelos del maíz.</li>\r\n  </ul>\r\n  <p><strong>Día de:</strong> La Fecundación y de La Germinación.</p>\r\n  <p>\r\n    <strong>Fortalezas:</strong>\r\n  </p>\r\n  <ul>\r\n    <li> Afortunados en las siembras o crianza de animales</li>\r\n    <li> Muy fértiles en tener hijos</li>\r\n    <li> Son buenos comerciantes</li>\r\n    <li> suelen tener Signos de intensa energía en su cuerpo</li>\r\n    <li> Extremadamente inteligentes</li>\r\n    <li> Les gusta hablar, debatir, leer, escribir</li>\r\n    <li> Aficionados al ejercicio físico o la danza</li>\r\n    <li> Mente compleja</li>\r\n    <li> Se interesan de detalles</li>\r\n  </ul>\r\n  <p>\r\n    <strong>Debilidades:</strong>\r\n  </p>\r\n  <ul>\r\n    <li> Padecen de dolor de cabeza, resfriados</li>\r\n    <li> Podrían destruir su propio hogar</li>\r\n    <li> Incrédulos</li>\r\n    <li> Creen en su imaginación</li>\r\n    <li> Regularmente son nerviosos</li>\r\n    <li> Pueden ser cobardes</li>\r\n    <li> Autodestructivos</li>\r\n    <li> Evitan las grandes  responsabilidades</li>\r\n    <li> Propensos a adquirir vicios relacionados con estimulantes</li>\r\n    <li> Muy agresivos, enojados</li>\r\n    <li> A veces son obsesivos, compulsivos</li>\r\n    <li> Llegan a donde no son llamados</li>\r\n    <li> Orgullosos</li>\r\n    <li> Suelen ser egoístas</li>\r\n  </ul>', 'Nahual_13', 'Significa semilla, simiente,  conejo. El planeta Venus.\nEs el Nawal de toda clase de semillas animales y vegetales. Día de la fertilidad y las cosechas,  propicio para iniciar cualquier siembra o negocio.\nSignifica los cuatro colores del maíz,  rojo, negro, blanco y amarillo.\nPersonas de mano ¨caliente¨ a quienes todo lo que siembran les florece.'
,'Calendario_Cholquij\\Nahuales\\cholquij-qanil.png'),
(14, 9, 'Toj', NULL, 'Ofrenda, pago o lluvia', '<p>\n    <strong>Características:</strong>\n    Significa pago, ofrenda y agradecimiento. Se ponen presentes para el pago de alguna culpa o para enmendar algún error.\n  </p>\n  <p>\n    Es el día especial de las ofrendas. Se agradece el sol, el agua, el aire, el alimento y todo lo que nos rodea y lo que hemos recibido de la Madre Tierra.\n    Los que nacen en Toj, algunas veces, son los que pagan la deuda de la familia, por eso es que pueden sufrir problemas de salud.\n  </p>\n  <p>\n    <strong>Función Espiritual:</strong>\n  </p>\n  <ul>\n    <li> Agradecimiento a Ajaw por los beneficios recibidos.</li>\n    <li> Día para ponerse en paz con Ajaw, con los abuelos y abuelas y con el prójimo.</li>\n    <li> Se hacen ceremonias para lograr el equilibrio, moral y espiritual.</li>\n    <li> Día para retirar los sufrimientos, accidentes y enfermedades.</li>\n  </ul>\n  <p><strong>Su origen:</strong> Imox <strong>destino:</strong> No\'j</p>\n  <p>\n    <strong>Fortalezas:</strong>\n  </p>\n  <ul>\n    <li> De grandes virtudes.</li>\n    <li> Es creativo, comunicativo y dinámico.</li>\n    <li> Practica la sinceridad.</li>\n    <li> Es analista, imaginativo e intuitivo.</li>\n    <li> De carácter abierta.</li>\n    <li> Es romántico.</li>\n  </ul>\n  <p>\n    <strong>Debilidades:</strong>\n  </p>\n  <ul>\n    <li> Puede sufrir enfermedades.</li>\n    <li> Puede caer en la miseria.</li>\n    <li> Puede tener inestabilidad mental.</li>\n    <li> Puede estar expuesto a accidentes.</li>\n    <li> Puede caer en el orgullo y la vanidad.</li>\n    <li> Vicioso y orgulloso</li>\n  </ul>', 'Nahual_14', 'Es el Nawal de los cuatro señores del fuego,  Tojil, Awilix, Jakawitz´ y  Nikajtakaj. Día propicio para nivelar o pagar cualquier deuda. Día en que se agradece todo lo que recibimos en nuestra vida,  lo bueno y lo malo.\nPersonas con mucha sensibilidad para las artes y que lloran con'
,'Calendario_Cholquij\\Nahuales\\cholquij-toj.png'),
(15, 10, 'Tz\'i\'', NULL, 'Perro o mapache', '<p>\n    <strong>Características:</strong>\n    El antiguo significado de Tz’i’ es tepescuintle. En idioma k’iche’ es Lalo. Guardián de la milpa de la abuela Ixmukane de donde Ixk’ik’\n    trajo la red llena de mazorcas, y que le ayudó a cumplir con su tarea de una manera mágica. En el Popol Wuj significa Jun Ajpu Wuch’,\n    cazador tacuacín y Jun Ajpu Utiw, cazador coyote. También es guardián de los cerros, las montañas, las veredas y los barrancos.\n  </p>\n  <p>\n    Es la fidelidad, la autoridad y la ley. Por tanto, es el guardián de la ley natural y espiritual. Hace los papeles de secretario.\n  </p>\n  <p>\n    Puede influir en excesivas conductas sexuales. Por eso, algunos Guías Espirituales le atribuyen como símbolo del pecado, especialmente de impureza sexual.\n    El que nace en este día puede resultar muy sexual, sea hombre o mujer. La intensidad de esta conducta dependerá del numeral que acompaña al Tz’i’\n    como día de nacimiento.\n  </p>\n  <p>\n    <strong>Función Espiritual:</strong>\n  </p>\n  <ul>\n    <li> Invocar por el orden y la exactitud.</li>\n    <li> Puede interpretar lo conocido y lo desconocido.</li>\n    <li> Se invoca el día para que guíe y cuide el camino.</li>\n    <li> Día para contrarrestar calumnias y ofensas.</li>\n    <li> Día de protección ante la ley.</li>\n  </ul>\n  <p><strong>Su origen:</strong> Iq\' <strong>destino:</strong> Tijax</p>\n  <p>\n    <strong>Fortalezas:</strong>\n  </p>\n  <ul>\n    <li> Atento, valiente, respetado, justo.</li>\n    <li> Es defensor de otras personas.</li>\n    <li> Es cordial.</li>\n    <li> Logra lo que busca.</li>\n    <li> Buen investigador y presiente las cosas o actos.</li>\n    <li> Enamorado.</li>\n    <li> Es el día de los abogados</li>\n  </ul>\n  <p>\n    <strong>Debilidades:</strong>\n  </p>\n  <ul>\n    <li> Puede resultar vicioso e infiel.</li>\n    <li> Puede caer en la mentira.</li>\n    <li> Puede tener mucha tendencia sexual.</li>\n    <li> Puede resultar con temperamento fuerte.</li>\n  </ul>', 'Nahual_15', 'Es el Nawal de la justicia, la autoridad material y espiritual, el orden. Día para pedir la solución a los problemas ante los tribunales. Día para  alejar los vicios. Son las personas que hablan por otros.  Los dueños de las leyes. Juzgan a los demás.'
,'Calendario_Cholquij\\Nahuales\\cholquij-tzi.png'),
(16, 11, 'B\'atz\'', NULL, 'Mono o hilo', '<p>\n    <strong>Características:</strong>  Es el símbolo del hombre y de la humanidad, de la realización del hombre.\n  </p>\n  <p>\n    Símbolo de continuidad con el pasado, como se ha englobado dentro del ritual. “Un buen día,  de la perpetración de las  ceremonias y costumbres de nuestros antepasados.\n  </p>\n  <p>\n    Es el día  en  que se realiza aquella parte del matrimonio en que se pide la novia, y el casamiento cuarenta días después, en un día B’atz’ con un número más alto.\n    En 8 B’atz’ se presenta públicamente el aprendiz de sacerdote maya, y cuarenta días después se realiza el agradecimiento.\n  </p>\n  <p>\n    Simboliza el tiempo.  Nuestros antepasados, los mayas representaron el tiempo imaginándolo como un hilo enrollado a un carrizo que se encuentra debajo de la tierra.\n    Este hilo se va desenrollando a medida que el tiempo pasa. La  historia se teje con el tiempo, así como el hilo  teje los vestidos. El ciclo Nuevo Maya,\n    Wajxaqib’ B’atz’, en la ceremonia se ameniza con marimba y se baila alrededor del fuego.  El  B’atz’ amarra y desata.  Se le dice B’atz’ porque gira.   Y es el talento del ser humano.\n  </p>\n  <p>\n    <strong>Significa:</strong>\n  </p>\n  <ul>\n    <li>Enlace matrimonial</li>\n    <li> Mono, hilo, amarrador</li>\n    <li> El tiempo. desarrollo de la evolución  humana, dándonos la vida</li>\n    <li> Nawal de medidor del tiempo y de toda clase de tejidos</li>\n    <li> Es un buen día para recibir el destino como sacerdote Maya</li>\n    <li> Orador, escultor, tallador y artista, música, flauta, deporte y siembra.</li>\n  </ul>\n  <p><strong>Significado Clave:</strong> La representación y el talento artístico</p>\n  <p>\n    <strong>Fortalezas:</strong>\n  </p>\n  <ul>\n    <li> Inteligente, astuto </li>\n    <li> Amable</li>\n    <li> Reservado </li>\n    <li> Suelen imitar lo que ven</li>\n    <li> Tienen buenas señales</li>\n    <li> Adinerados (Ricos)</li>\n    <li> Maestros de todas las artes</li>\n  </ul>\n  <p>\n    <strong>Debilidades:</strong>\n  </p>\n  <ul>\n    <li> Inseguro </li>\n    <li> Haragán</li>\n    <li> Enojado, agresivo </li>\n    <li> Envidioso, calumniador</li>\n    <li> Mala imaginación, incrédulo</li>\n    <li> Ambicioso de cualquier cosa </li>\n    <li> Débil de voluntad</li>\n  </ul>', 'Nahual_16', 'Es el Nawal de todas las artes, de los tejidos, de los artistas. Es un día propicio para pedir pareja, amarrar o desatar cualquier asunto.\nSon maestros de todas las artes.\n'
,'Calendario_Cholquij\\Nahuales\\cholquij-batz.png'),
(17, 12, 'E\'', NULL, 'Camino o diente', '<p>\r\n    <strong>Características:</strong>\r\n    Simboliza el camino y el destino. Es el guía. Es el que nos lleva a un punto fijo. Uno de los Cargadores del Tiempo. Es la protección de los viajeros y caminantes. Conduce la vida espiritual y material.\r\n  </p>\r\n  <p>\r\n    Es el que hace posible la realización humana en todos los órdenes y en todas las manifestaciones.\r\n    Pero también puede simbolizar los obstáculos con que los seres humanos se tropiezan en la continua búsqueda de esa realización.\r\n  </p>\r\n  <p>\r\n    Es un día bueno para desplazarse en cualquier lugar. En caso de peligro, el Ajaw E es el que da la protección.\r\n    También es día bueno para agradecer el bienestar físico, la vida misma de las personas y el trabajo. Es un día muy sagrado.\r\n    Por esta razón, se puede pedir su protección, como dice el Popol Wuj “que no se caigan en la bajada ni en la subida del camino.\r\n    Que no encuentren obstáculos ni detrás ni delante de ellos, ni cosa que los golpee. Concédeles buenos caminos, hermosos caminos planos…”.\r\n  </p>\r\n  <p>\r\n    Es el viaje, la travesía y el trayecto.  Se ofrecen ceremonias o invocaciones para que limpie el camino de los peligros y de los accidentes.\r\n  </p>\r\n  <p>\r\n    <strong>Función Espiritual:</strong>\r\n  </p>\r\n  <ul>\r\n    <li> Protección ante las tentaciones</li>\r\n    <li> Protección ante los peligros del camino</li>\r\n    <li> Día para iniciar un proyecto</li>\r\n    <li> Día de protección de los pilotos</li>\r\n    <li> Día para encauzar mejor el destino</li>\r\n  </ul>\r\n  <p><strong>Su origen:</strong> K\'at <strong>destino:</strong> Ajpu</p>\r\n  <p>\r\n    <strong>Fortalezas:</strong>\r\n  </p>\r\n  <ul>\r\n    <li> Es amable y trabajador</li>\r\n    <li> Es guía y consejero</li>\r\n    <li> Es cariñoso y alegre </li>\r\n    <li> Es viajero y puede ser comerciante</li>\r\n    <li> Afortunado, decidido, comprensivo</li>\r\n    <li> Cuidadoso en las cosas</li>\r\n  </ul>\r\n  <p>\r\n    <strong>Debilidades:</strong>\r\n  </p>\r\n  <ul>\r\n    <li> Desconfiado e inseguro</li>\r\n    <li> Algunas veces se puede resentir</li>\r\n    <li> Es variable con su carácter</li>\r\n    <li> Es nervioso y frágil</li>\r\n    <li> Impaciente en algunas ocasiones</li>\r\n  </ul>', 'Nahual_17', 'Es el Nawal de todos los caminos y dirigentes. Del sistema nervioso y sanguíneo.\nDía propicio para iniciar cualquier viaje o negocio.\nSon líderes naturales.'
,'Calendario_Cholquij\\Nahuales\\cholquij-e.png'),
(18, 13, 'Aj', NULL, 'Caña o cañaveral', '<p>\r\n    <strong>Características:</strong>\r\n    Simboliza caña veral y milpa. Todo lo que se relaciona al hogar y la familia. Es el símbolo que dejó Jun Ajpu Ixb’alamkej de su vida,\r\n    cuando sembró la caña en medio del patio de la casa de la abuela Ixmukane. Aj es símbolo de la resurrección de Jun Ajpu e Ixb’alamkej,\r\n    quienes no murieron en manos de los señores de Xib’alb’a. Es el triunfo del bien sobre el mal.\r\n  </p>\r\n  <p>\r\n    Es el destino representado por el Nawal o los Nawales. 8 Aj es el día en el cual se establece el destino de uno, para llamarlo y reconocerlo.\r\n  </p>\r\n  <p>\r\n    también es elote, maíz tierno.  Día relacionado con todo lo que concierne a los niños.\r\n    Es día bueno y sobre todo para rezar por las criaturas.\r\n  </p>\r\n  <p>\r\n    También es el día de la enfermedad debilidad en el tejido óseo, pero de mucha energía espiritual.\r\n    Es el hogar, la casa, todo lo que se relaciona con la casa. Los que nacen en Aj pueden ser sacerdotes mayas.\r\n  </p>\r\n  <p>\r\n    <strong>Función Espiritual:</strong>\r\n  </p>\r\n  <ul>\r\n    <li> El hogar y la familia de todas las generaciones tiernas; 8 Aj se celebra el día del niño.</li>\r\n    <li> El bastón del poder de las virtudes divinas, sensatez, la palabra sagrada.</li>\r\n    <li> Caña, símbolo que dejó Jun Ajpu Ixbalanke de su vida, cuando sembró la caña en el patio, dueño del Hogar, y ternura.</li>\r\n    <li> Nawal de las artes.</li>\r\n  </ul>\r\n  <p><strong>Significado Clave:</strong> La integridad de la fe</p>\r\n  <p>\r\n    <strong>Fortalezas:</strong>\r\n  </p>\r\n  <ul>\r\n    <li> Autoridad</li>\r\n    <li> Inteligente</li>\r\n    <li> Estricto</li>\r\n    <li> Es respetado por sus amigos</li>\r\n    <li> Principios sólidos en el terreno moral y ético</li>\r\n    <li> Atraído por la religión o los estudios filosóficos y teológicos</li>\r\n    <li> Trabajador</li>\r\n    <li> Bromista</li>\r\n  </ul>\r\n  <p>\r\n    <strong>Debilidades:</strong>\r\n  </p>\r\n  <ul>\r\n    <li> Regaña</li>\r\n    <li> Celoso</li>\r\n    <li> Nervioso</li>\r\n    <li> Expuesto  a discutir y  juzgar</li>\r\n    <li> Hace lo que le plazca</li>\r\n    <li> Extremista, no es de moderación</li>\r\n    <li> Hace bromas pesadas</li>\r\n    <li> No es constante en la fe</li>\r\n    <li> Variable</li>\r\n    <li> Sufre con frecuencia, se enferma en la niñez</li>\r\n    <li> Alcohólico</li>\r\n    <li> Destructor</li>\r\n    <li> Una vida variable, de dolor</li>\r\n    <li> tristeza y alegría</li>\r\n  </ul>', 'Nahual_18', 'Es el Nawal de la casa y de los niños, día propicio para el hogar y la salud de los niños.\nNawal de las generaciones tiernas.\nPersonas que no pueden negarse ante otros.'
,'Calendario_Cholquij\\Nahuales\\cholquij-aj.png'),
(19, 14, 'I\'x', NULL, 'Jaguar', '<p>\r\n    <strong>Características:</strong>\r\n    Es el símbolo y energía de la Madre Tierra. Representa los lugares o centros ceremoniales donde se llevan a cabo las ceremonias.\r\n    Son los cerros, las montañas, las planicies. Significa Jaguar.\r\n  </p>\r\n  <p>\r\n    Representa el altar maya o sea el tab’al. Es un día especial para pedir la vida de los animales tanto domésticos como salvajes.\r\n    Se le pide a Ajaw una buena cosecha de cualquier cultivo, en especial el de las verduras.\r\n    En este día se encienden candelas de color verde, ya que simbolizan el color de la Madre Tierra.\r\n  </p>\r\n  <p>\r\n    Representa el altar maya o sea el tab’al. Es un día especial para pedir la vida de los animales tanto domésticos como salvajes.\r\n    Se le pide a Ajaw una buena cosecha de cualquier cultivo, en especial el de las verduras. En este día se encienden\r\n    candelas de color verde, ya que simbolizan el color de la Madre Tierra.\r\n  </p>\r\n  <p>\r\n    <strong>Función Espiritual:</strong>\r\n  </p>\r\n  <ul>\r\n    <li> Propicia energía espiritual y física.</li>\r\n    <li> Invocación por la lluvia.</li>\r\n    <li> Invocación por la vida de los animales.</li>\r\n    <li> Día de invocación por la salud de toda la humanidad.</li>\r\n    <li> Día para realizar invocaciones para que las siembras estén protegidas de los animales.</li>\r\n  </ul>\r\n  <p><strong>Su origen:</strong> Keme <strong>destino:</strong> Iq\'</p>\r\n  <p>\r\n    <strong>Fortalezas:</strong>\r\n  </p>\r\n  <ul>\r\n    <li> Es paciente, fuerte, responsable, valiente, respetuoso, vigoroso y atrevido.</li>\r\n    <li> Es decisivo y realista.</li>\r\n    <li> Es de buen corazón.</li>\r\n    <li> Buen padre de familia.</li>\r\n    <li> Puede ser líder y famoso si sabe encauzar sus energías.</li>\r\n  </ul>\r\n  <p>\r\n    <strong>Debilidades:</strong>\r\n  </p>\r\n  <ul>\r\n    <li> Puede llegar a tener un carácter fuerte.</li>\r\n    <li> Algunas veces se enoja y se impacienta.</li>\r\n    <li> Su carácter le puede hacer prepotente, orgulloso, colérico, serio y vengativo.</li>\r\n  </ul>', 'Nahual_19', 'Es el Nawal de la naturaleza y los altares mayas, día para pedir fortaleza física y mental.\nEs el Nawal de las siete vergüenzas humanas: orgullo, ambición, envidia, mentira, crimen, ingratitud, ignorancia por pereza.\nPersonas de razonamiento interno a las que les gusta la naturaleza y la soledad.'
,'Calendario_Cholquij\\Nahuales\\cholquij-ix.png');

-- --------------------------------------------------------

--
-- Estructura de tabla para la tabla `pagina`
--

CREATE TABLE IF NOT EXISTS `pagina` (
  `orden` int(11) NOT NULL,
  `nombre` varchar(30) NOT NULL,
  `categoria` varchar(100) NOT NULL,
  `seccion` varchar(45) DEFAULT NULL,
  `htmlCodigo` longtext,
  PRIMARY KEY (`nombre`,`categoria`),
  KEY `FK_PAGINA_CATG` (`categoria`)
) ENGINE=InnoDB DEFAULT CHARSET=utf8mb4;

--
-- Volcado de datos para la tabla `pagina`
--

INSERT INTO `pagina` (`orden`, `nombre`, `categoria`, `seccion`, `htmlCodigo`) VALUES
(2, 'Energia', 'Calendario Cholquij', 'Elementos', '<p>El calendario Cholq\'ij utiliza las energías del 1 al 13 pero su ciclo es de meses y días.</p>\n\n<p> La relación del 13 con los ciclos de la vida es múltiple, entre ellas se pueden mencionar:</p>\n<ul>\n	<li>Las 13 energías en el nacimiento</li>\n	<li>Los 13 ciclos de 20 días de un año Cholq’ij.</li>\n</ul>\n<p>\nEl 13 es una cantidad importante en el pensamiento maya. Se utiliza para indicar el nivel de\nenergía y al combinar con el significado de los nawales construye la personalidad.		Este número\ntiene influencia en toda la vida, marca la niñez, juventud, madurez y ancianidad.\n</p>\n'),
(0, 'Forma de Contar', 'Calendario Cholquij', 'Informacion', '<h2>Forma de contar</h2>\n<p> Una manera de contar el Cholq’ij para los maya k’iche’ de la actualidad es iniciar el conteo en Waqxaqib’ B’atz’ (8 B’atz’), repitiendo así cada 260 días ese número y fecha (Aj Xol Ch’ok, 2008). Cada día del calendario se combina con un numeral que va del 1 al 13, hasta completar 260 días. El mismo día en que inicia la cuenta vuelve a repetirse cada 260 días. En la antigüedad se acostumbraba a empezar el calendario en 1 Imox y se seguía el mismo proceso de multiplicación de los numerales con los días para alcanzar el total de 260 (Aj Xol Ch’ok, 2008). La construcción del ciclo de 260 días del calendario Cholq’ij tiene como base la disciplina vigesimal maya (13X20); “esta relación organiza una frecuencia matemática del movimiento natural lunar de 13:20 que se determina en base a las gravitaciones, principalmente de la Luna–Tierra, las cualidades del ser en la madre Tierra de acuerdo a su día de engendración, día del nacimiento y su proyección o misión en la vida” (García, Curruchiche & Taquirá, 2009, p. 234). Los días de este calendario “son representados también en los 10 dedos superiores de las manos, más los 10 dedos inferiores de los pies, lo que suma 20, que representa los días del Cholq’ij”, pues la construcción matemática del sistema vigesimal maya “se fundamenta en el Jun Winaq de 20 dedos” (García, Curruchiche & Taquirá, 2009, p. 47 y 234).</p>\n'),
(0, 'Informacion', 'Calendario Cholquij', 'Informacion', '<p>\n	El Cholq´ij deriva su nombre de los términos maya-k´iche´:\n	<ul>\n		<li>Chol: Contar cosas puestas en orden</li>\n		<li>Q´ij: el sol o día</li>\n	</ul>\n</p>\n\n<p> El Cholq’ij es un calendario sagrado del pueblo Maya, compuesto por 260 días divididos en 13 meses. También recibe el nombre de calendario ritual o calendario sagrado o Tzolkin (Barrios, 2004; García, Curruchiche & Taquirá, 2009; Aj Xol Ch’ok, 2008; Rupflin, 1999).</p>\n\n<p>“El Cholq´ij es uno de los instrumentos que los Abuelos del Pueblo maya crearon; tiene dos aplicaciones principales, la primera: ubica momentos para actividades colectivas; la segunda: tiene una aplicación individual para identificar la conducta natural o la forma de ser de las personas por medio de su nawal, es decir, los rasgos psicológicos básicos, positivos y negativos.</p>\n\n<p>Este calendario fue configurado a partir de los movimientos que la Luna realiza en su órbitta alrededor de la Tierra. Así como el calendario AB’ agrícola o solar de 365 días está configurado en base al movimiento de traslación de la Tierra alrededor del Sol y es identificado como energía masculina.</p>\n\n<p>Por otra parte, el Choloq’ij o calendario sagrado es considerado energía femenina, por su relación con los movimientos de la Luna y por la influencia que este cuerpo celeste ejerce sobre los organismos femeninos de la naturaleza y los seres humanos.”\n</p>\n'),
(0, 'Informacion', 'Calendario Haab', 'Informacion', '<p>El calendario solar maya, llamado Haab\', es una cuenta de 365 días y por lo tanto se aproxima al año solar es el calendario civil, agrícola Maya, es el calendario de los reyes Mayas.</p>    <p>La palabra <strong> \"HAAB\'\" </strong> significa <strong> \"AÑO\" </strong> en el idioma maya yucateco.</p>    <p>El Haab está compuesto por 18 meses de 20 días cada uno, más un mes que consta de 5 días. Cada mes de 20 días, conocido como uinal, tiene su propio nombre. Todos estos 18 meses juntos suman 360 días.</p>    <p>El último mes, compuesto de 5 días, se conoce como Wayeb. Los 19 meses en su totalidad suman 365 días.</p>    <p><strong>18 x 20 + 5 = 365 </strong></p>    <p> </p>    <figure class=\"easyimage easyimage-full\"><img alt=\"\" src=\"../imgs/Calendario Haab/0.jpeg\" width=\"300\" />  <figcaption></figcaption>  </figure>    <p>Fue elaborado por los astrónomos y matemáticos Mayas para dar respuesta a la necesidad de las personas para su abastecimiento de alimento con la siembra y cosecha del sagrado maíz, el frijol, y toda clase de productos agrícolas indispensable para la buena alimentación del ser humano; y en la necesidad de establecer el tiempo de duración del mando y cambio de autoridades imperiales, comunales y civiles del pueblo.</p>    <p>Este calendario, según los expertos, se estima que se utilizó por primera vez alrededor del solsticio de invierno de 550 ANE (Antes de Nuestra Era) y fue creado para ser utilizado en conjunto con el <strong> Tzolkin </strong>. En operación conjunta, el <strong> Haab </strong> y el <strong> Tzolkin </strong> crean un ciclo más grande de 52 años llamado como la <strong> Rueda Calendárica </strong> o <strong> Calendario Redondo</strong> que fue utilizado no solo por los mayas sino también por el resto de las culturas en Mesoamericanas.</p>    <p> </p>    <h3>Utilidad</h3>    <hr />  <p>El calendario <strong> Habb\' </strong> sirve para el control de los fenómenos astronómicos y estacionales del año solar como lo son:</p>    <ul>  <li>Equinoccios</li>  <li>Solsticios</li>  </ul>    <p>También sirve para el establecimiento de nuevas autoridades de los pueblos, marca los ritos ceremoniales colectivos y las temporadas para la siembra de cultivos, aparte de definir el temperamento de las personas de acuerdo a la fecha de su nacimiento</p>    <h3>Exactitud</h3>    <hr />  <p>Debido a que el tiempo real que tarda nuestro Sol en reaparecer exactamente en las mismas posiciones que se ve desde la Tierra es un poco más largo que 365 días (365.2421897 días), se necesitan ajustes periódicos para mantener una acumulación de los recuentos anuales del calendario en alineación con la Tierra girando alrededor del sol.</p>    <p>Los antiguos mayas abordaron este problema de manera diferente a lo que hacemos hoy. En lugar de agregar un año bisiesto cada 4 años, restaron 13 días cada 52 años.</p>    <p>Es muy interesante saber que el calendario Haab\' tiene un error de solo 1 día en 6729 años, mientras que nuestro calendario “moderno” tiene un error de solo 1 día en 3236 años.</p>   '),
(0, 'Informacion', 'Rueda Calendarica', 'Informacion', '<p>El nombre completo de cualquier fecha en el sistema de calendario maya consiste de una fecha Tzolk’in y\nuna fecha Haab. La Rueda Calendárica es el entretejido de los calendarios Tzolk’in y Haab. En la Rueda\nCalendárica, una combinación del Tzolk’in y el Haab no se repetirán hasta que hayan pasado 52 períodos\nde 365 días. Esto está basado en el concepto matemático de “el mínimo común denominador” y “el mínimo\ncomún múltiplo”. Ambos números, 260 y 365, son divisibles por 5, y 260 dividido por 5 es igual a 52, mientras que 365 dividido por 5 es igual a 73. Por lo tanto, el mínimo común múltiplo de 260 y 365 es 5 x 52 x 73 = 18,980.</p>\n\n</p> De este modo, la Rueda Calendárica es igual a 18,980 días, 52 x 365 o 52 años Haab. Los mayas creen\nque cuando una persona alcanza los 52 años de edad, ellos atienen la sabiduría especial de un anciano. Una\nfecha de la Rueda Calendárica, con componentes tanto del calendario Tzolk’in como el Haab, puede marcar\nde forma única un evento dentro de un período de 52 años. Sin embrago, cualquier evento que abarque más\nde 52 años requiere un calendario adicional, el calendario de Cuenta Larga. </p>\n\n<figure class=\\\"easyimage easyimage-full\\\"><img  src=\"../imgs/ruedaCalendarica.png\" style=\"width: 100%\" />  <figcaption></figcaption>  </figure>\n\n<p>El círculo más pequeño está conformado por 13 números; el círculo mediano por los 20 signos de los veinte días mayas del calendario Tzolkin, y el círculo más grande por el calendario haab con sus 365 días (dieciocho meses de veinte días y el mes corto de cinco días). En este conteo, los mayas consideraban que el día de la creación fue el 4 ahau 8 cumkú.</p>\n\n<p>Cada cíclo de 18.980 días equivale a 52 vueltas del haab (calendario solar de 365 kines) y a 73 vueltas del tzolkin (calendario sagrado de 260 kines), y al término ambos vuelven al mismo punto. Cada 52 vueltas del haab se celebraba la ceremonia del fuego nuevo, analógicamente era un \"siglo maya\".</p>'),
(1, 'Kin', 'Calendario Haab', 'Elementos', '<p>La escritura maya era un sistema logosilábico cuyo significado es discutido. Los símbolos individuales (\"glifos\") podían representar bien una palabra (normalmente un morfema) o una sílaba; a decir verdad, el mismo glifo con frecuencia podía usarse de las dos formas.</p>    <figure class=\"easyimage easyimage-full\"><img alt=\"\" src=\"imgs/Kin/0.jpeg\" width=\"300\" />  <figcaption></figcaption>  </figure>    <p> </p>'),
(1, 'Mecanismo', 'Rueda Calendarica', 'Informacion', '<h2>Mecanismo</h2>\n\n<p>De la Rueda del Calendario, se dice que el ciclo de 52 años es más importante que el año.</p>\n\n<p>Un ejemplo de fecha en la rueda calendárica, 8 Cauac 13 Zip, se referiría al octavo día de la trecena Cauac en el Tzolkin, que coincide con el día 13 de Zip en el Haab.</p>\n\n<p>La diferencia entre los 52 años de 365 días cada uno y los 52 años de 360 días, es de 260 días exactamente; así se puede llevar el cálculo de sus coincidencias a través de ciclos de 260 días, ya que</p>\n\n<ul>\n	<li>18 980 = 73 x 260</li>\n	<li>18 720 = 72 x 260</li>\n	<li>5 256 = 72  x 73 = 9 x 584.​</li>\n</ul>\n\n<p>También debe ser tomado en cuenta que 13 x 360 = 18 x 260 = 4 680.</p>\n\n<p> 	Es decir, si los 5 días de Uayeb\' son omitidos (como debe haber sido el caso en los orígenes del calendario), los períodos de 360 y de 260 días coincidirían después de, respectivamente, 13 y 18 ciclos (13 \"años\" de 360 días).</p>\n	Cuatro de esos ciclos de 13 \"años\" abarcan 52 \"años\" de 360 días.\n	Ahora, 52 veces esos 5 adicionales días de Wayeb\' resultan en exactamente uno más de los ciclos de 260 días.</p>\n	<p>El sistema de la rueda calendárica, sirve para interpretar una sucesión infinita de períodos de 52 años. Se desconoce su nombre en lenguas mayenses, pero el nombre en idioma náhuatl utilizado por los mexicas era \"Xiuhnelpilli\", aunque es más usual encontrarlo escrito como Xiuhmolpilli, forma gramaticalmente incorrecta; cuyo significado es anudación de los años.</p>\n\n	<p>Cada 52 años las culturas mesomericanas realizaban importantes ceremonias. Para el caso de los mexicas era la llamada \"ceremonia del fuego nuevo\".\n</p>\n'),
(1, 'Animacion', 'Rueda Calendarica', 'Informacion', '<img class="rueda" src="..\\imgs\\cuentaLarga.png" >'),
(1, 'Nahual', 'Calendario Cholquij', 'Elementos', '<p>Nahual, también llamado <strong>nagual</strong> o <strong>nawal​</strong> (en náhuatl: nahualli ‘oculto, escondido, disfraz’), dentro de las creencias mesoamericanas, es una especie de brujo o ser sobrenatural que tiene la capacidad de tomar forma animal. El término refiere tanto a la persona que tiene esa capacidad como al animal mismo que hace las veces de su alter ego o animal tutelar.\r\n\r\n<p>De acuerdo con la tradición y cosmovisión de los pueblos Mesoamericanos los Nahuales son espíritus y energías protectoras que acompañan a todos los elementos de la naturaleza, incluyendo a los humanos y animales a lo largo de toda su existencia.</p>\r\n\r\n<p>Para la civilización Maya el nahual de cada persona era de suma importancia. Era algo que todos debían conocer y aprender a manejarlo. Debían saber cuándo se fue engendrado, la fecha de nacimiento, el año, la energía que le protege y su misión.</p>\r\n\r\n<p>Dentro de la cultura maya se dice que cada uno está relacionado con un animal  que es quién le dirige, como un ángel guardián, alguien con quien se identifica, con quien se encuentra conectado espiritualmente. Se dice también que cada persona incluso nace con el espíritu de un animal, y este se encarga de protegerlo y guiarlo.</p>\r\n\r\n<h2> conoce los nahuales:</h2>\r\n<figure class=\"easyimage easyimage-full\"><img alt=\"\" src=\"../img/DiasMayas.png\"/>  <figcaption></figcaption>  </figure>    '),
(3, 'Uayeb', 'Calendario Haab', 'Elementos', '<p>Los últimos cinco días del ciclo de Haab son el mes 19, llamado Uayeb. Estos son días impredecibles, no para planificar eventos importantes o viajar fuera de casa.</p>'),
(2, 'Uinal', 'Calendario Haab', 'Elementos', '<p>El uinal se puede ver como el equivalente a nuestros meses ya que constan de 20 días, pero en lugar de 12 de ellos, el calendario Haab Maya cuenta con 18 de ellos. Los uinales, a parte de contar el tiempo se utilizaban para realizar ciertas actividades.</p>');

-- --------------------------------------------------------

--
-- Estructura de tabla para la tabla `uinal`
--

CREATE TABLE IF NOT EXISTS `uinal` (
  `idweb` int(11) NOT NULL,
  `nombre` varchar(25) NOT NULL,
  `significado` varchar(75) NOT NULL,
  `dias` int(11) DEFAULT NULL,
  `htmlCodigo` mediumtext,
  `categoria` varchar(100) NOT NULL,
  `iddesk` int(11) DEFAULT NULL,
  `ruta` varchar(100) DEFAULT NULL,
  PRIMARY KEY (`idweb`),
  UNIQUE KEY `iddesk_UNIQUE` (`iddesk`),
  KEY `fk_uinal_categoria1_idx` (`categoria`)
) ENGINE=InnoDB DEFAULT CHARSET=utf8mb4;

--
-- Volcado de datos para la tabla `uinal`
--

INSERT INTO `uinal` (`idweb`, `nombre`, `significado`, `dias`, `htmlCodigo`, `categoria`, `iddesk`, `ruta`) VALUES
(0, 'Wayeb\'', 'Dias desafortunados, reflexion, gracia y penitencia', 5, '<p>Cuando llegaban los cinco días sin nombre conocidos como <strong>uayeb</strong>, los mayas no se bañaban, no hacían obras serviles o de trabajo, porque temían que al realizar alguna actividad, les iría mal.</p>', 'Uinal_0', 18, 'Calendario_Haab\\Uinal\\haab-wayeb.png'),
(1, 'Pop', 'Mat (símbolo de comunidad y matrimonio), petate', 20, '<p>Este mes era una especie de año nuevo, era una fiesta muy celebrada, renovaban todas las cosas de utensilios de casa, como platos, vasos, banquillos, ropa, mantillas, barrían su casa y la asura la echaban fuera del pueblo, pero antes de la fiesta al menos <strong>13 </strong>días ayunaban y se abstenían de tener sexo, no comían sal, ni chile, algunas personas ampliaban este período de abstinencia  hasta tres uinales. Después todos los hombres se reunían con el sacerdote en el patio del templo y ponían una porción de copal en el brasero para quemarlo.</p>', 'Uinal_1', 0, 'Calendario_Haab\\Uinal\\haab-pop.png'),
(2, 'Woo', 'Rana, sapo, negro', 20, '<p>En este mes se realizaban festividades para sacerdotes, adivinadores, la ceremonia era llamada pocam, y oraban quemando copal a Kinich Ahau Itzamná, a quien consideraban el primer sacerdote. Con <em><strong>«agua virgen traída del monte, donde no llegase mujer»</strong></em> untaban las tablas de los libros y el sacerdote realizaba los pronósticos del año, realizaban un baile llamado okotuil.</p>', 'Uinal_2', 1, 'Calendario_Haab\\Uinal\\haab-woo.png'),
(3, 'Zip', 'Rojo, conjuncion', 20, '<p>En este mes se juntaban los sacerdotes con sus mujeres, y usaban idolillos de la diosa <strong>Ixchel</strong>, y la fiesta se llamaba<strong> Ibcil Ixchel</strong>, invocaban a los dioses de la medicina que eran <strong>Itzamná</strong>, <strong>Citbolontun </strong>y <strong>Ahau Chamahez</strong>, realizaban un baile llamado Chantunyab. El día siete del uinal zip día invocaban a los dioses de la caza <strong>Ah Cancum, Zuhuyzib Zipitabai</strong>, y otros, cada cazador sacaba una flecha y una cabeza de venado las cuales eran untadas de betún azul, y bailaban con las flechas en las manos, se horadaban las orejas, otros la lengua y pasaban por los agujeros siete hojas de una hierba llamada <strong>Ac</strong>. Al día siguiente era el turno de los pescadores, pero ellos untaban de betún azul sus aparejos de pesca y no se horadaban las orejas, sino que se ponían arpones, y bailaban el <strong>Chohom</strong>, y después de realizada la ceremonia iban a la costa a pescar, los dioses eran <strong>Abkaknexoi, Abpua, y Ahcitzamalcun</strong>.</p>', 'Uinal_3', 2, 'Calendario_Haab\\Uinal\\haab-zip.png'),
(4, 'Sotz\'', 'Bat (murcielago)', 20, '<p>En este mes los apicultores comenzaban los preparativos pero celebraban su fiesta en el uinal siguiente <strong>tsek</strong>, los sacerdotes y oficiales ayunaban, así como algunos voluntarios.</p>', 'Uinal_4', 3, 'Calendario_Haab\\Uinal\\haab-sotz.png'),
(5, 'Tzek', 'Fin, palma, calavera', 20, '<p>En este mes no derramaban <strong>sangre</strong>, los dioses venerados eran los cuatro <strong>bacabs</strong>, especialmente <strong>Hobnil</strong>. Ofrecían a los <strong>bacabs </strong>platos con figuras de miel, y los mayas bebían un vino llamado balche, el cual se procesaba de la corteza del árbol de ese nombre<em> (Lonchucarpus violaceus)</em>, los apicultores regalaban miel en abundancia.</p>', 'Uinal_5', 4, 'Calendario_Haab\\Uinal\\haab-tzek.png'),
(6, 'Xul', 'Perro, instrumento musical', 20, '<p>Este mes era dedicado a <strong>Kukulcán</strong>, los mayas iban por el jefe supremo de los guerreros llamado <strong>Nacom</strong>, al cual sentaban en el templo quemando copal, realizaban un baile de guerreros llamado <strong>Holkanakot</strong>, sacrificando un perro y quebrando ollas llenas de bebida para terminar su fiesta, y regresar con honores al <strong>Nacom </strong>a su casa. Esta ceremonia se celebraba en todos lados hasta la destrucción de <strong>Mayapán</strong>, después solo se celebraba en Maní en la jurisdicción de los <strong>Tutul xiúes</strong>, todos los señores se juntaban presentaban cinco banderas de pluma, y se iban al templo de <strong>Kukulcán</strong>, donde oraban durante cinco días, después de los cuales bajaba <strong>Kukulcán </strong>del cielo y recibía las ofrendas, la fiesta se llamaba <strong>Chikabán</strong>.</p>', 'Uinal_6', 5, 'Calendario_Haab\\Uinal\\haab-xul.png'),
(7, 'Yaxk\'in', 'Primer Sol (o verde), inicio agricola, nuevo dia', 20, '<p>En este mes se realizaba la ceremonia se llamaba <strong>Olob-Zab-Kamyax</strong>, se untaban todos los instrumentos de todos los oficios con betún azul, se juntaban los niños y las niñas del pueblo y les daban unos golpecillos en los nudillos, con la idea que los niños fueran expertos en los oficios de sus padres. Desde este uinal comenzaban a aparejarse para la ceremonia del uinal <strong>Mol</strong>.</p>', 'Uinal_7', 6, 'Calendario_Haab\\Uinal\\haab-yaxkin.png'),
(8, 'Mol', 'Inicio de lluvia, agua, jade', 20, '<p>En este mes los apicultores oraban a los dioses para que hubiese buenas flores y de esta manera tener una buena producción de las abejas,.en este mes era cuando fabricaban las <strong>efigies </strong>o ídolos de madera, los cuales eran de alguna forma bendecidos por los sacerdotes. Se practicaba un ritual en el cual se<em> sangraban las orejas.</em></p>', 'Uinal_8', 7, 'Calendario_Haab\\Uinal\\haab-mol.png'),
(9, 'Ch\'en', 'Lluvia, negro, acido', 20, '<p>En este mes hacían una fiesta llamaba <strong>ocná</strong>, que quiere decir <em>«renovación del templo»</em>, la hacían en honor de los dioses de los maizales; los mayas acostumbraban tener ídolos de los dioses con pequeños braseros en donde quemaban copal, en esta fiesta cada año se renovaban los ídolos de barro y sus braseros.</p>', 'Uinal_9', 8, 'Calendario_Haab\\Uinal\\haab-chen.png'),
(10, 'Yax', 'Verde, humedad', 20, '<p>En este mes hacían una fiesta llamaba <strong>ocná</strong>, que quiere decir <em>«renovación del templo»</em>, la hacían en honor de los dioses de los maizales; los mayas acostumbraban tener ídolos de los dioses con pequeños braseros en donde quemaban copal, en esta fiesta cada año se renovaban los ídolos de barro y sus braseros.</p>', 'Uinal_10', 9, 'Calendario_Haab\\Uinal\\haab-yax.png'),
(11, 'Sak', 'Blanco, lluvia', 20, '<p>En este mes el sacerdote y los cazadores hacían una ceremonia para aplacar a los dioses de la ira, y como una forma de penitencia por la sangre derramada durante la cazas (los mayas tenían como <em>«cosa horrenda»</em> cualquier derramamiento de sangre si dicho derramamiento no era en sus sacrificios), por eso cuando iban a la caza invocaban al dios de la caza, le quemaban copal y si podían le untaban al rostro del ídolo de la caza, la sangre del corazón de la presa.</p>', 'Uinal_11', 10, 'Calendario_Haab\\Uinal\\haab-sak.png'),
(12, 'Keh', 'Rojo, venado', 20, '<p>En las proximidades de este mes existía una fiesta muy grande y de fecha movible que duraba tres días, con quema de copal, a la cual Landa llamaba <strong><em>«sahumerías»</em></strong>, ofrendas y borrachera. Los sacerdotes tenían cuidado de avisar con tiempo para realizar un ayuno previo</p>', 'Uinal_12', 11, 'Calendario_Haab\\Uinal\\haab-keh.png'),
(13, 'Mak', 'Red, cautiverio, pecado', 20, '<p>En este mes la gente anciana realizaba una ceremonia llamada <strong>«tupp kak»</strong> <em>(matar el fuego)</em>, era dirigida a los dioses de los panes y a Itzamná, en una fogata quemaban corazones de aves y animales, una vez incinerados los corazones apagaban el fuego con cántaros de agua. Se juntaba el pueblo y los sacerdotes y untaban con lodo y betún azul los primeros escalones de las escaleras de sus templos. En esta fiesta no realizaban ayuno, a excepción del sacerdote</p>\n', 'Uinal_13', 12, 'Calendario_Haab\\Uinal\\haab-mak.png'),
(14, 'K\'ank\'in', 'Sol amarillo', 20, '<p>Hasta la fecha se desconocen los <em>dioses </em>que se honraban en este periodo del año maya</p>', 'Uinal_14', 13, 'Calendario_Haab\\Uinal\\haab-sak.png'),
(15, 'Muwan', 'Halcon, buho', 20, '<p>Este mes correspondía a los cultivadores de cacao realizar una ceremonia a los dioses <strong>Chac Ek chuah, </strong>y<strong> Hobnil</strong>, sacrificaban un perro manchado con el color de cacao, y quemaban incienso y ofrecían iguanas de las azules<em> (probablemente untadas de betún azul)</em> y ciertas plumas de pájaros, terminada la ceremonia los mayas se comían las ofrendas.</p>', 'Uinal_15', 14, 'Calendario_Haab\\Uinal\\haab-keh.png'),
(16, 'Pax', 'Tiempo de siembra, tambor, musica', 20, '<p>En este mes la ceremonia se llamaba<strong> pacum chac</strong>, y por un período de cinco noches se juntaban los señores <em>(batab)</em> y los sacerdotes (ah kin) de los pueblos menores <em>(batabil)</em>, en las capitales y veneraban a <strong>Cit chac cob</strong>. Se homenajeaba con copal al jefe de los guerreros <em>(nacom)</em> durante cinco días, realizaban un baile de los guerreros llamado <strong>HOLKANAKOT</strong>. El sentido de esta ceremonia era para pedir a sus dioses alcanzar la victoria frente a sus enemigos. Se sacrificaba un perro, al cual se le extraía el corazón, se rompían ollas grandes que contenían bebida, y daban por finalizada la ceremonia, regresando a sus pueblos.</p>', 'Uinal_16', 15, 'Calendario_Haab\\Uinal\\haab-pax.png'),
(17, 'K\'ayab\'', 'Tortuga, guacamaya', 20, '<p>Durante los meses <strong>kayab </strong>y <strong>Kumku </strong>en cada población hacían fiestas a las cuales llamaban <strong>zabacilthan</strong>, se reunían para presentar ofrendas, comer y beber preparándose para el <strong><em>uayeb</em></strong>, el mes corto de los cinco días nefastos. </p>', 'Uinal_17', 16, 'Calendario_Haab\\Uinal\\haab-kayab.png'),
(18, 'K\'umk\'u\'', 'Maiz maduro, granero, oscuridad', 20, '<p>Durante los meses <strong>kayab </strong>y <strong>Kumku </strong>en cada población hacían fiestas a las cuales llamaban <strong>zabacilthan</strong>, se reunían para presentar ofrendas, comer y beber preparándose para el <strong><em>uayeb</em></strong>, el mes corto de los cinco días nefastos. </p>', 'Uinal_18', 17, 'Calendario_Haab\\Uinal\\haab-kumku.png');


--aqui lo que se tenia antes 


DROP TABLE IF EXISTS `periodo`;
CREATE TABLE `periodo` (
  `orden` int DEFAULT NULL,
  `nombre` varchar(50) NOT NULL,
  `fechaInicio` varchar(5) NOT NULL,
  `fechaFin` varchar(5) NOT NULL,
  `ACInicio` varchar(3) DEFAULT NULL,
  `ACFin` varchar(3) DEFAULT NULL,
  `descripcion` varchar(250) DEFAULT NULL,
  `htmlCodigo` longtext,
  `categoria` varchar(100) NOT NULL
) ;

-- --------------------------------------------------------

--
-- Estructura de tabla para la tabla `rol`
--

DROP TABLE IF EXISTS `rol`;
CREATE TABLE `rol` (
  `id_rol` int NOT NULL,
  `nombre` varchar(50) DEFAULT NULL,
  `descripcion` varchar(250) DEFAULT NULL
) ;


DROP TABLE IF EXISTS `usuario`;
CREATE TABLE `usuario` (
  `usuario` varchar(40) NOT NULL,
  `password` varchar(200) NOT NULL,
  `nombre` varchar(50) NOT NULL,
  `apellido` varchar(50) NOT NULL,
  `correo` varchar(100) NOT NULL,
  `fechaNacimiento` date DEFAULT NULL,
  `telefono` bigint DEFAULT NULL,
  `imagen` longtext,
  `id_rol` int NOT NULL
) ;


--
-- Estructura de tabla para la tabla `acontecimiento`
--

DROP TABLE IF EXISTS `acontecimiento`;
CREATE TABLE `acontecimiento` (
  `id` int NOT NULL,
  `titulo` varchar(100) NOT NULL,
  `autor` varchar(20) DEFAULT NULL,
  `Periodo_nombre` varchar(50) NOT NULL,
  `htmlCodigo` mediumtext NOT NULL,
  `fechaInicio` varchar(5) NOT NULL,
  `fechaFin` varchar(5) DEFAULT NULL,
  `ACInicio` varchar(3) NOT NULL,
  `ACFin` varchar(3) DEFAULT NULL,
  `categoria` varchar(100) NOT NULL
) ;


--insersiones faltantes


INSERT INTO `periodo` (`orden`, `nombre`, `fechaInicio`, `fechaFin`, `ACInicio`, `ACFin`, `descripcion`, `htmlCodigo`, `categoria`) VALUES
(2, 'Clasico', '292', '900', 'D.C', 'D.C', '<p>Las tierras bajas del centro y del sur alcanzaron su máximo esplendor. Durante el periodo clásico surgen en la sociedad maya los artesanos, arquitectos, pintores y artistas canteros, especialistas en la producción y en el servicio.</p>', NULL, 'Clasico'),
(3, 'PosClasico', '900', '1541', 'D.C', 'D.C', '<p>Durante el periodo posclásico los mayas orientaron más sus energías a la producción y el comercio y menos a la monumentalidad de sus construcciones. </p>', NULL, 'PosClasico'),
(1, 'PreClasico', '1500', '292', 'A.C', 'D.C', '<p>Las primeras manifestaciones de vida sedentaria en el área maya se desarrollaron en la región Costa del Pacífico y del Piamonte y corresponden al periodo preclásico.</p>', '<p>El período <strong>Preclásico Temprano</strong> indica el momento en que las sociedades mayas contaron con rasgos culturales propios que los distinguen de otros grupos mesoamericanos. Las sociedades son ya aldeas agrícolas sedentarias, por lo que aparece por primera vez la cerámica. En la Costa Pacífica este período inicia alrededor del año 1,800 a.C., pero en el resto del área Maya se define a partir del 1,000 o 1,200 a.C.</p>', 'PreClasico');

--
-- Volcado de datos para la tabla `rol`
--

INSERT INTO `rol` (`id_rol`, `nombre`, `descripcion`) VALUES
(1, 'user', 'Usuario normal'),
(2, 'administrador', 'Usuario con privilegios de administrar la informacion de la pagina');



INSERT INTO `usuario` (`usuario`, `password`, `nombre`, `apellido`, `correo`, `fechaNacimiento`, `telefono`, `imagen`, `id_rol`) VALUES
('admin', '8c6976e5b5410415bde908bd4dee15dfb167a9c873fc4bb8a81f6f2ab448a918', 'admin', 'admin', 'admin@gmail.com', '2000-01-01', 12345678, 'img/perfiladmin.jpeg', 2);
COMMIT;

--
-- Volcado de datos para la tabla `acontecimiento`
--

INSERT INTO `acontecimiento` (`id`, `titulo`, `autor`, `Periodo_nombre`, `htmlCodigo`, `fechaInicio`, `fechaFin`, `ACInicio`, `ACFin`, `categoria`) VALUES
(1, 'Escritura', 'admin', 'Clasico', 'sdfasdf', '700', '', 'A.C', ' ', 'Escritura1');


-- informacion extra
--nueva categoria
---------------------------------------------------------------------------------
---------------------------------------------------------------------------------
---------------------------------------------------------------------------------
---------------------------------------------------------------------------------
---------------------------------------------------------------------------------

INSERT INTO `categoria` (`nombre`) VALUES
('Calculadora');

--nueva pagina
INSERT INTO `pagina` (`orden`, `nombre`, `categoria`, `seccion`, `htmlCodigo`) VALUES
(1, 'Informacion Calculadora', 'Calculadora', 'Informacion', "<p>El sistema de calendario maya registra una serie de ciclos de tiempo recurrentes basados ​​en los movimientos del Sol, la Luna y los planetas. Cualquier fecha determinada se repite a intervalos cíclicos, tal como, por ejemplo, el 1 de enero en el calendario gregoriano se repite cada vez que la Tierra completa una revolución alrededor del Sol. Un ciclo completo de Cuenta Larga Maya tiene una duración de 5.125 años. El sistema Maya de Cuenta Larga establece una cronología absoluta en la que cualquier fecha determinada es única, como el 21 de diciembre de 2012, en el sistema gregoriano. El calendario de Cuenta Larga realiza un seguimiento de los días que han pasado desde la fecha mítica de inicio de la creación maya, el 11 de agosto de 3114 a.C.</p>\n\n<p> La relación del 13 con los ciclos de la vida es múltiple, entre ellas se pueden mencionar:</p>\n<ul>\n	<li>Las 13 energías en el nacimiento</li>\n	<li>Los 13 ciclos de 20 días de un año Cholq’ij.</li>\n</ul>\n<p>\nEl 13 es una cantidad importante en el pensamiento maya. Se utiliza para indicar el nivel de\nenergía y al combinar con el significado de los nawales construye la personalidad.		Este número\ntiene influencia en toda la vida, marca la niñez, juventud, madurez y ancianidad.\n</p>\n<ul><li>20 k’in = 1 uinal o 20 dias</li><li>20 tun = 1 katun o 7,200 dias</li><li>18 uinal = 1 tun o 360 dias</li><li>20 katun = 1 baktun o 144,000 dias</li></ul>\n\n<p>La sintaxis de lectura es la siguiente: baktun.katun.tun.uinal.k’in | Tzolk’in | Haab | señor de la noche</p>\n\n<img src = '..\\imgs\\descripcionCalculadora\\cuentaLargaSimbologia.png'/>\n<p>Dado la cuanta larga 12.19.19.17.19 | 3 Kawak | 2 K'ank'in | G8, se tiene la siguiente representacion</p><ol><li>Glifo introductorio de la serie inicial: este símbolo identifica esta fecha como perteneciente al sistema de cuenta larga</li><li>Baktun: un número (12 en este ejemplo) junto con el símbolo de baktun</li><li>Katun: un número (19 en este ejemplo) junto con el símbolo de katun </li><li>Tun: un número (19 en este ejemplo) junto con el símbolo de tun</li><li>Uinal: un número (17 en este ejemplo) junto con el símbolo de uinal</li><li>K'in: un número (19 en este ejemplo) junto con el símbolo de k'in </li><li>Fecha Tzolk'in: un número (3 en este ejemplo) junto con el glifo del día Tzolk'in (Kawak en este ejemplo)</li><li>Fecha de Haab: un número (2 en este ejemplo) junto con el glifo del día de Haab (K'ank'in en este ejemplo)</li><li>Señor de la Noche (G8 en este ejemplo): un glifo que representa una de las nueve deidades del inframundo maya.</li></ol>");

---------------------------------------------------------------------------------

--- nueva tabla para la cruz maya, implementar
---- aqui solo el ingreso de
-- --------------------------------------------------------

--
-- Table structure for table `cruzMaya`
--

CREATE TABLE `cruzMaya` (
  `identificador` int(11) NOT NULL,
  `nahual` int(11) NOT NULL,
  `concepcion` varchar(1000) NOT NULL,
  `destino` varchar(1000) NOT NULL,
  `izquierda` varchar(1000) NOT NULL,
  `derecha` varchar(1000) NOT NULL,
  `idioma` varchar(100) DEFAULT NULL
) ENGINE=InnoDB DEFAULT CHARSET=utf8mb4 COLLATE=utf8mb4_general_ci;

--
-- Dumping data for table `cruzMaya`
--

INSERT INTO `cruzMaya` (`identificador`, `nahual`, `concepcion`, `destino`, `izquierda`, `derecha`, `idioma`) VALUES
(1, 0, 'La influencia del Kej, a la concepción, lo hace necesitar y amar la naturaleza; se acomoda muy bien en toda situación y lugar que les toque vivir.', 'El Aq\'ab\'al, como energía del destino, le orienta a buscar en el pasado las respuestas, y también a todo lo nuevo, a la tecnología. Este signo le dará una apariencia juvenil.', 'El Imox, en su lado izquierdo, le marca lo inesperado, orienta su vida hacia el misticismo, dándole fuerza y capacidad para desarrollar sus sentidos y fuerza interna.', 'El Toj, en su lado derecho, le da calidez humana, el contacto con el fuego es importante para su armonía y equilibrio.', 'espaniol'),
(2, 1, 'El Q\'anil, como signo de concepción, proporciona la semilla que germinará en un proyecto lento pero seguro en cualquiera de los aspectos de su vida.', 'El K\'at, como energía del destino, le pone las pruebas y enredos. El trabajo es aprender de todos estos enredos y fuertes experiencias que le ha puesto la vida. La curiosidad del Ajmaq y la red del K\'at son una alianza difícil de controlar.', 'La energía del Iq\', en su lado izquierdo, lo impulsa hacia los misterios y la espiritualidad, provocando una mente expansiva y una conciencia universal.', 'La energía del Tz\'i\', en su lado derecho, indica una tendencia a la ley material. Su mano derecha tiene el poder y la autoridad de curar toda enfermedad de origen orgánico.', 'espaniol'),
(3, 2, 'El signo de Toj, en la concepción, indica un sufrimiento emocional principalmente en la niñez. Los sufrimientos o pagos que le tocan tienen allí su origen.', 'El Kan, como signo del destino, le proporciona mucha energía. Le dá el romanticismo y proporciona amores platónicos.', 'La influencia de Aq\'ab\'al, en su lado izquierdo, le manifiesta muchos cambios, principalmente en lo espiritual por lo que necesita centralizar su atención en una disciplina para no dispersar sus energías. Signo renovador y cambiante. Su mayor experiencia en la vida se la dan los viajes.', 'La energía de B\'atz\', en su lado derecho, le da un don especial para las artes, para la medicina, la cirugía y especialmente la medicina ancestral.', 'espaniol'),
(4, 3, 'La energía del Tz\'i\', en su concepción, le da una relación con la justicia, siendo reconocido como autoridad. Son justos pero drásticos. Experiencias extraordinarias en el campo espiritual.', 'El Kame, como destino, lo protege de accidentes y mala muertes, por lo que logra finalizar su propósito de existencia. Kame es la muerte, el signo de los ancestros y de la seguridad.', 'La energía del K\'at, en su lado izquierdo, le indica una vida llena de experiencias y cambios. Debe meditar su accionar para no estar atrapado en situaciones en las que los demás arreglan sus problemas.', 'EI E\', en su lado derecho, le propicia buena fortuna y medios económicos para la vida. Viajes o cambio de residencia de forma intempestiva.', 'espaniol'),
(5, 4, 'La energía de su concepción, B\'atz\', le da buena disposición como planificador y ejecutor de proyectos communitarios, y lo acerca a la medicina tradicional.', 'La energía del destino, Kej, lo marca como una persona sensitiva, ágil, nerviosa, de acciones rápidas. El signo Kej le indica tomar precaución, pues en donde menos lo espera lo pueden traicionar. Necesita manifestaciones artísticas y tener su propio espacio, su refugio.', 'La influencia del Kan, en su lado izquierdo, hace que su mente y espíritu alcancen una relación conjunta. Despierta los poderes ocultos en la persona', 'El Aj, en su lado derecho, le da un carácter fuerte y autoritario, aunque en el fondo es noble y siempre busca protección.', 'espaniol'),
(6, 5, 'El signo E\', en la concepción, le depara muchos viajes, y por temporadas vivirá en el extranjero. Esta energía propicia los amores con gente extranjera.', 'La energía del destino, Q\'anil, le hace ser sembrador, siendo su misión señalar el camino y plantar la semilla, no necesariamente ve el fruto de sus acciones. Anda con certeza, donde llega tu convicción comenzará fluir la energía.', 'El Kame, en su lado izquierdo, protege la vida del nacido en Ajpu. Le proporciona una gran curiosidad, valentía y espíritu aventurero.', 'La energía del I\'x, en su lado derecho, le da el poder para ser buen intermediario, es la que le otorga los dotes artísticos. A los hombres da un conocimiento de la mujer. En la mujer pondrá la feminidad, la sensualidad y la astucia.', 'espaniol'),
(7, 6, 'La energía de su concepción, Aj, orienta su vida dándole orden y seriedad, pues de otra forma le daría rienda suelta a su locura.', 'La energía de su destino, Toj, le hará pagar sus desaciertos; le indica que debe hacer ofrendas de índole espiritual y material.', 'La energía del día Kej (el venado), en su lado izquierdo, le da sensibilidad, un acercamiento a la naturaleza, lo ayuda a ubicarse en toda situación y lugar. También le proporciona agilidad mental para solucionar problemas y enredos en los que se mete.', 'El Tz\'ikin, en su lado derecho, le trae suerte y fortuna en el trabajo y los negocios para vivir cómodamente. Romántico, tierno, cálido. Puede romper las relaciones en un minuto.', 'espaniol'),
(8, 7, 'La energía de su concepción, I\'x, le trae comprensión y armonía con el sexo opuesto. Instinto de protección y ataque, parecido al felino.', 'En el futuro lo acompañara el signo de la ley, Tz\'i\', solo que a su medida hace su propia ley.', 'En su lado izquierdo aparece la energía de Q\'anil, que le da una sensibilidad especial para el arte, que es su mejor forma de expresión. Su crecimiento espiritual depende de su armonía con la Madre Tierra.', 'La energía de Ajmaq, en su lado derecho, le da curiosidad que bien aplicado lo hará descubrir o inventar muchas cosas. Gran energía de fuerza curativa en su mano derecha.', 'espaniol'),
(9, 8, 'La energia de concepcion, Tzikin, le tra suerte, proteccion y fortuna; intuicion, vision y telepatia', 'La energia de destino es Batz le propicia planificar los pasos que va a dar y no actuar impulsivamente', 'La energia del Toj esta al lado izquierdo, esta energia lo hara confrontar con su balance positivo o negativo', 'El Noj en su lado derercho, le indica una nobleza especial, un caracter determinado y una gran capacidad intelectual, debe descubrir su pasado para proyectarse al futuro', 'espaniol'),
(10, 9, 'La energia de concepcion, Ajmaq lo vuelve muy curioso, esta alianza Ajmaq(curiosidad)/ Kat (red) tiene un ascendente negativo sobre la persona porque le da una tendencia a queda atrapada en los problemas debe hacer grandes oraciones y ceremonias para eviar todo lo negativo en su vida.', 'La energia de destino es e le depara exitos y lo mejor de su vida, viajes y relaciones amorosas en el extranjero', 'La energia del Tzi esta al lado izquierdo, señala la ley, por lo que suele ser una persona reconocida por su autoridad aunque tiende a ser autoriotario, no imponer a los demas, cada quien aprende por si mismo.', 'El Tijax en su lado derercho, le da un poder que si no lo cuida se volvera incontrolabl, si aprende a usar ese poder sera un persona apreciada y buscada por quienes necesiten ayuda, es la energia que libera de los lios en que se meten, el Tijax corta con la red, puede cortar enfermedades', 'espaniol'),
(11, 10, 'La energía de su concepción, No\'j, le proporciona nobleza, idealismo e rchinteligencia. El conocimiento y la sed de aprendizage es su mayor prueba, necesita ar ponerlo en práctica para alcanzar esa sabiduría que anhela.', 'La energía de su destino, Aj, le da una relación con la Madre Tierra muy especial. De edad mayor, alcanza su verdadero poder y conocimiento.', 'El B\'atz\', como energía de su lado izquierdo, le permite ser reconocido como una autoridad. Puede ser un consejero en el campo intelectual, psicologico y espiritual.', 'El Kawoq, en su lado derecho, le da una vida familiar muy enriquecedora, pero que ted puede crear una codependencia. Necesita superar ésta para volar por sí mismo.', 'espaniol'),
(12, 11, 'La energía de su concepción, Tijax, lo protege, lo retirará de cualquier situación o persona que le traiga problemas. Es el cuchillo de doble filo que rasga el velo de los misterios.', 'La energía de su destino, I\'x, le dará una vida intensa, llena de altibajo, aunque siempre se le reconocerá como autoridad.', 'La energía del Be\'e, en su lado izquierdo, le da buena proyección para desarrollar sus proyectos y le hace ser una autoridad espiritual.', 'El Ajpu, en su lado derecho, le pone pruebas a lo largo de la vida de las cuales siempre sale adelante.', 'espaniol'),
(13, 12, 'La energía de su concepción, Kawoq, le brinda oportunidades y abundancia si la sabe conservar y no despilfarrar. Necesita la protección y la seguridad de su hogar.', 'La energía de su destino, Tz\'ikin, es la fuerza que le da verdadera suerte, fortuna y protección, y le hará sobresalir a lo largo de la vida', 'El Aj, en su lado izquierdo, le da buena fortuna, le trae muchas oportunidades y relaciones con el extranjero, donde encontrará el desarrollo espiritual. Será reconocido como autoridad.', 'La energía del Imox, en su lado derecho, orienta su vida al arte y a una búsqueda de la belleza y la armonía y lo hace más flexible en la vida. Este signo le hace hacer cosas inusuales. La persona puede desarrollar facilmente su intuición.', 'espaniol'),
(14, 13, 'El Ajpu, en la concepción, le da poder, un don de servicio y ayuda a los demás. Vencerá los obstáculos en su camino, y poco a poco logrará la confianza en sí mismo.', 'La energía de su destino, Ajmaq, es el que más influye en su futuro, le da cambios. Y le dá una inclinación hacia la espiritualidad. Ajmaq es la curiosidad, le impulsa a mundos desconocidos.', 'En su lado izquierdo, influye la energía del I\'x, que le trae dignidad y responsabilidad en todo lo que emprende, la fuerza para terminar con lo que no le conviene. Será reconocida la labor que realiza. Debe solucionar sus propias necesidades antes de ayudar a los demás.', 'El Iq\', en su lado derecho, lo hace soñador y de fácil entendimiento, sensitivo y de buena imaginación. Muy afectado por la Luna.', 'espaniol'),
(15, 14, 'La energía de su concepción, Imox, le trae buena dosis de sensibilidad y excentricidad; desarrolla su intuición y revelaciones por medio de los sueños. Buena relación con el agua.', 'La energía de su destino, No\'j (conocimiento y sabiduría), hará de su vida una experiencia maravillosa y digna.', 'El Tz\'ikin, en su lado izquierdo, le dá una energía extra que lo hará parecer inagotable. Contará con una buena posición social y fortuna.', 'El Aq\'ab\'al, en su lado derecho, le hará parecer físicamente más joven de lo que en realidad es y le dá una visión futurista. Muchas oportunidades a lo largo de su vida.', 'espaniol'),
(16, 16, 'La energía de su concepción, Aq\'ab\'al, le da un interés especial por el pasado y una visión futurista. Su mayor problema será ubicarse en el presente. Tiene un desarrollo espiritual.', 'La energía de su destino, Kawoq, orienta la persona hacia la comunidad. El tema de la familia le acompañará toda la vida.', 'El No\'j, en su lado izquierdo, le dá nobleza al conocimiento adquirido a lo largo de la vida que se tornará en sabiduría. Posee una fuerte tendencia a lo espiritual.', 'El Kan, en su lado derecho, le da una fuerza extra. La energía y el fuego interno serán su mayor prueba. Su mano derecha obrará muchas curaciones.', 'espaniol'),
(17, 17, 'El K\'at, como signo de concepción, es responsable de los enredos que le pone la vida.', 'La energía del destino, Ajpu, le dá seguridad y estabilidad, le ayudará a realizar sus propósitos y logrará vencer los obstáculos y pruebas que la vida le pone.', 'El Tijax, en su lado izquierdo, lo protege de los engañadores y le indica cuando retirarse en una situación negativa. Lo favorece no solo en el plano material, sino también en el plano espiritual. Puede hacer decisiones impulsivas.', 'El Kame, en su lado derecho, denota un alma antigua con inclinación al pasado, a lo ancestral. Será respetado en la edad mayor. Esta energía le protege de la muerte en accidentes y enfermedades. Buena comunicación con sus antepasados y otras dimensiones.', 'espaniol'),
(18, 18, 'La energía de su concepción, Kan, le brinda una fuerza extra, inagotable; tiene mucha energía, por lo que es muy deseado o rechazado. La autodisciplina es su mejor aliada para canalizar su energía. Una eterna búsqueda del conocimiento.', 'Su signo de destino es Imox, hace que su vida se vea enriquecida por experiencias fuera de lo común. Le dá una especial propensión hacia el misticismo. Inconformidad hacia lo establecido.', 'El Kawoq, en su lado izquierdo, influye a que planifique en grande, a buscar el bienestar común y la justicia social.', 'El Kej, en su lado derecho, le dá inspiración e imaginación, le dá sensibilidad hacia el arte, en especial la música y la pintura.', 'espaniol'),
(19, 19, 'El Kame, a la concepción, le hará sentir una atracción hacia lo antiguo y le permite una exitosa búsqueda intérior. Extraordinaria intuición.', 'El Iq\', como signo del destino, alimenta su imaginación y pensamientos dando una inteligencia especial.', 'Con la energía de Ajpu, en su lado izquierdo, vencerá las pruebas, especialmente las de índole espiritual y le dará certeza, seguridad y fuerza para alcanzar sus metas. La persona necesita que le reconozcan sus logros.', 'El Q\'anil, en su lado derecho, lo orienta para ser un gran sembrador, todo lo que siembre tendrá frutas.', 'espaniol'),
(20, 15, 'La energía de su concepción, lq\', le da mucha imaginación, a veces no hace diferencia entre su imaginación y la realidad. Debe orientar esta cualidad al arte. Fuerte influencia de la Luna.', 'La energía de su destino, Tijax, le ayuda a retirar todo lo que pueda hacerle daño o sombra en su camino. Le da el poder de cortar cualquier energía negativa.', 'El Ajmaq, en su lado izquierdo, lo acerca a la espiritualidad y desarrolla la visión, la intuición y le da dotes de profetas. Le trae prestigio y buena posición tanto en lo social como en lo económico.', 'El K\'at (la red), en su lado derecho, le trae enredos. Debe aprender a no dirigir la vida de los demás, así esta red le servirá para conseguir lo que quiere.', 'espaniol'),
(41, 0, 'Kej ri winaqib\'al, kik\'aslemal ri k\'aslemal, xchiq\'ab\' chikab\'altzi\' ri juyub\' jolomaj y ruwachulew; xetz\'ijom q\'ij, xetz\'ijom wi\' jun kiwach jun wi\' tzukub\'al.', 'Aq\'ab\'al, ri\' jun keb\'al ri\', q\'ij ri be, xkiwinaq ri jun wi\' jolomaj; xkib\'axik jun q\'ij, xqa\'tij chikab\'altzi\' ri uwachulew. B\'a kanimajaw chi apariencia juventud.', 'Imox, ri le lado ixquierdo, chiwinaq ri k\'ololik ri xutzuk\'ulew, chi\'uk xq\'ab\'el ri\' chi\'misticismo, ri tak\'imaj chi k\'axab\' ri\' k\'aslemal k\'ajolomaxik u chi\'ixok\'aj jun wi\' jolomaj y xk\'a ulurantzijew ri juyub\' ri jolomaj.', 'Toj, ri le lado ok\'oj, chiriqal ri juyub\'aj; chi\'k\'ut ri chi\'uk\' ri jun b\'anol, chi\'uk\' ri k\'axab\'al chi\'junruq chi\'q\'ij ri juyub\' ri xkajolomaltzi\'.', 'kiche'),
(42, 1, 'Q\'anil, ri wi\' chikab\'altzi\', chi chik\'aslemalal chuwach ri ruwachulew chi\'ijlal chiwachaw ri chik\'ij, tew chi\'ch\'ikub\'alal q\'ij chi k\'ajolom chuwach k\'ax k\'alb\'altzi\' ri chik\'aslemal.', 'K\'at, ri keb\'al ri\', chi k\'utb\'ij ri jun ruwachulew y jun wi\' jolomaj. Chi kiwinaq k\'utb\'ij ri\' b\'a xchi\'uk\'xik k\'utb\'ij ri ch\'ikub\'al ri chik\'ajb\'al le chi\'juntijax ri k\'utb\'ij ri uwachulew. Chi ti\' jolomaj tew ri ch\'ikub\'alal q\'ij k\'alb\'altzi\' jun tak\'itzij lek chi apariencia juventud.', 'Iq\', ri le lado ixquierdo, chiq\'ab\'el ri chiriq ri k\'axab\' chi k\'ij q\'ij, xtzikin ri chiriqab\' ri k\'axab\' chi\'wa jolomaj y q\'ijb\'ij jun tijob\'al k\'axab\'. Q\'ij wa wi\' ri kiwinaq k\'ij k\'otb\'ijalal k\'axab\' chik\'ajolomal y jun wi\' jolomaj le xkab\'alal juyub\'aj b\'ikinob\'al chiriqab\'.', 'Tz\'i\', ri le lado ok\'oj, chik\'utb\'ij chi b\'anol; ri le ok\'oj chi chik\'aslemal, chi chik\'otz\'ib\'ij chiwa k\'utb\'ijal chik\'ajolomal chi k\'axab\'.', 'kiche'),
(43, 2, 'Toj, ri wi\' chikab\'altzi\', chi chik\'aslemalal chi\'ijlal ruk\'ij jun chi\'chiwachaw. Chi chik\'aslemalal chi\'ijlal chi\'k\'utb\'ij chi\'le, q\'ij chi chik\'ajb\'alal chi\'chiwachaw k\'utb\'ijal chi\'xkajolomal.', 'Kan, ri keb\'al ri\', chi q\'ijb\'ij chi\'xutzuk\'ul chi jolomaj. Chi chiriqal chi\'b\'an chi\'ijalaj chi\'k\'utb\'ij chi\'k\'amajlel ri k\'utb\'ijal chiwachaw chi\'q\'ij.', 'Aq\'ab\'al, ri le lado ixquierdo, chi k\'utb\'ij chi\'q\'ij ruk\'ij juyub\'aj, q\'ij chi chiriqal chi\'xutzuk\'ulew chi jolomaj ri jun wi\' jolomaj chi\'qa\'axij chi\'k\'utb\'ijal chi jolomaj.', 'B\'atz\', ri le lado ok\'oj, chiq\'ab\'el ri k\'axab\' chi\'ujab\'. Chi chiriqal chi\'utzi\' chi\'k\'amajlel chi\'xk\'ub\'ijal chiriqab\' chi juyub\' ri xkajolomal chi\'ujab\'.', 'kiche'),
(44, 3, 'Tz\'i\', ri wi\' chikab\'altzi\', chi k\'utb\'ij chi\'chik\'ik\'aslemal, chik\'ub\'ixik chi\'rachaj. Chi chiriqal chi\'juntijax chi k\'utb\'ijal chi\'xkib\'ixik, k\'utb\'ij ri chi\'q\'ij ri chiriqab\'.', 'Kame, ri keb\'al ri\', chi ruk\'ijal chi juyub\'aj chik\'ik\'aslemalal chi\'xk\'utb\'ijal chi\'ujab\' chi chiwachaw chi\'q\'ij. Chi\'k\'ajolomal kame chiriqab\' ri\' chi chik\'ik\'aslemalal chi\'le ri juyub\' ri\' chi\'k\'amajlel tew chi\'k\'utb\'ij chi\'q\'ijal chi\'wujab\'alal.', 'K\'at, ri le lado ixquierdo, chi q\'ijb\'ij chi b\'anol chik\'ik\'aslemalal tew chik\'ik\'ub\'ixik chi\'utzi\' chi k\'utb\'ijalal chi\'q\'ij. Chi chik\'utb\'ij chi\'chik\'ajb\'alal chi\'q\'ij chik\'ik\'otz\'ib\'ij chi\'juntijax chi\'k\'utb\'ijalal chi\'xch\'amajlel.', 'E\', ri le lado derecho, chi chik\'utb\'ij chi\'q\'ij ri xk\'ub\'ijal chi juyub\' ri uwachulew. Q\'ij chiriqab\' ri juyub\'aj chik\'ub\'ixik chi\'ujab\' chik\'ajolomal chik\'ik\'aslemalal chi\'le chi k\'amajlel. Chiwi\' chiriqab\' chi\'k\'utb\'ijalal chi\'q\'ijalal chi\'wi\' jun wi\' jolomaj ri\' chi\'juntijax.', 'kiche'),
(45, 4, 'B\'atz\', ri wi\' chikab\'altzi\', chi q\'ijb\'ij chi\'k\'utb\'ijalal chi\'k\'ij. Chi chiriqal chi\'b\'ik\'aslemalal chi\'q\'ijalal chi\'k\'utb\'ijalal ri xkajolomal chi\'uk\'ub\'ixik chi k\'ij.', 'Kej, ri keb\'al ri\', chi k\'ajik ri jun wi\' jolomaj sensitiva, q\'u\'utzaj, chi y ub\'an, chik\'ik\'aslemalal k\'otb\'ijal chi\'k\'utb\'ijalal ri uwachulew. Kej chiriqab\' ri juyub\'aj chiriqab\' ri kaj ik\'ajolomal. Xtzikinaj chi b\'anol kik\'ajolomal k\'ajolomaxik y chi\'ujab\'alal xki\'owilal chi k\'ij ri uwachulew.', 'Kan, ri le lado ixquierdo, chi y ub\'alal juyub\'aj chik\'otz\'ib\'ij chiwi\' chiwa. K\'ajik ri chiriqal chiwi\' chiwa y wi\' chiwa chik\'ujab\'alal chik\'ik\'aslemalal.', 'Aj, ri le lado ok\'oj, chik\'utzaj ri chiriqab\'al chi q\'ij y chi q\'ij k\'ajolomal chi chik\'ik\'ajolomal tew chi chik\'otz\'ib\'ij ri\' chiwa y chiriqab\'al chi juyub\'aj.', 'kiche'),
(46, 5, 'E\', ri wi\' chikab\'altzi\', chi ruk\'ijal chi juyub\'aj, y chi\'ujab\'aj tew chi\'owil ri junwi\' ri juyub\'aj ri\'. Ri le chik\'ik\'ub\'ixik chi\'wi\' chiwa. Wi\' chik\'ik\'aslemalal ri\' chi juyub\' ri\' xkajolomal.', 'Q\'anil, ri keb\'al ri\', chi ruk\'ijal chi juyub\'aj sembrador, chi\'k\'utb\'ijalal chi juyub\' ri uwachulew tew chi\'wi\' junwi\' ri juyub\'aj ri\'. Chi chik\'ik\'otz\'ib\'ij chiwa, chi ri chi\'wi\' kiwinaq chi\'uk\'ut ri chik\'ik\'aslemalal ri uwachulew.', 'Kame, ri le lado ixquierdo, chiriqalal chi juyub\' ri\' chi\'chiratz\'ij chi k\'ajolomaj juyub\'aj. Chi chiriqal chi\'b\'ik\'aslemalal chi chiwachaw ri uwachulew. Tew chik\'ik\'otz\'ib\'ijalal chiriqab\' k\'utb\'ijalal chi\'wi\' junwi\' ri juyub\' ri\'.', 'I\'x, ri le lado ok\'oj, chi k\'utb\'ijalal chi\'wi\' junwi\' ri juyub\' ri\' xchiratz\'ij kik\'utb\'ijal chi\'wi\' junwi\' ri juyub\' ri\'. Tew chik\'ajolomal chi chik\'otz\'ib\'ijalal chi\'wi\' junwi\' ri juyub\' ri\'. Xtzikinaj chi b\'anol chi\'wi\' junwi\' ri\' juyub\' ri\' xchiratz\'ij ri\' uwachulew.', 'kiche'),
(47, 6, 'Aj, ri wi\' chikab\'altzi\', chi k\'utb\'ijalal chi chik\'ik\'ajolomal ri uwachulew. Ri le chik\'otz\'ib\'ijalal chi juyub\' ri\' chi\'k\'utb\'ijalal chi chik\'ik\'ajolomal ri uwachulew.', 'Toj, ri keb\'al ri\', chi ruk\'ijal chi chik\'ik\'ajolomal chi\'q\'ij tew chi\'le chik\'otz\'ib\'ijalalal chi juyub\' ri\' chi\'k\'utb\'ijalal ri uwachulew.', 'Kej, ri le lado ixquierdo, chi k\'utb\'ijalal chi juyub\' ri\' chi ruk\'ijalal chi\'q\'ij tew chi q\'ijalal chi k\'utb\'ijalal chi\'k\'ik\'ajolomal ri uwachulew. Tew chi k\'utb\'ijalal chi q\'ij chi chiriqal chi\'b\'ik\'aslemalal chi chiwachaw ri uwachulew.', 'Tz\'ikin, ri le lado ok\'oj, chiriqalal chi juyub\' ri\' chi\'q\'ij kik\'utb\'ijalal chi\'wi\' junwi\' ri juyub\' ri\'. Romantico, terno, kalido. Chik\'otz\'ib\'ijalalal chiwi\' junwi\' ri\' chi juyub\' ri\'. Chik\'ajolomalal chi chik\'otz\'ib\'ijalal chi\'wi\' junwi\' ri\' juyub\' ri\'.', 'kiche'),
(48, 7, 'Kuq´ab´  ri awuj, I\'x, ri k\'uch\'aj la k\'uxunonik ri walaxa chi laq che\'winik. K\'uq\' k\'amalalal y k\'otz\'ij b\'ik\', chi jun noq\'otoxaj chi winaqil aq\'ab\'al.', 'Ri ala la jun pachal kik\'ajolal Tz\'i\', xchi keb\' k\'ut laq laj ara k\'ajolal.', 'Ri keb\'al k\'uq\'ab\' ri ajmaq, xchi chikajol jun q\'ij k\'ajolam chi kib\'an chik\', chi ch\'uti b\'ix tzi\'. Ri kik\'ot k\'uq\'ab\' ri utzamalal ri winaq, ri kib\'an xchi q\'ij k\'ut chi winaqil.', 'Ri k\'uq\'ab\' ri ajmaq, xchi chik\'ajolajol ri xq\'ij chi kib\'an chik\', chi kib\' ri kej k\'uq\'ab\' ri euk\' ri k\'ut. Utzamalal xqa chik\'utal ri kej k\'ut.', 'kiche'),
(49, 8, 'Aj, ri wi\' chikab\'altzi\', chi chik\'utb\'ijalal chi\'ujab\'alal ri uwachulew. Chiriqalal chi\'wi\' junwi\' ri juyub\' ri\' chi chik\'ik\'ajolomalalal ri uwachulew.', 'I\'x, ri keb\'al ri\', chi ruk\'ijalal chi juyub\' ri\' chi\'q\'ijalal chi chik\'utb\'ijalal chi\'wi\' junwi\' ri juyub\' ri\'. Chiriqalal chi\'b\'ik\'aslemalal chi chik\'ik\'ajolomalal ri uwachulew.', 'Tz\'i\', ri le lado ixquierdo, chi ruk\'ijalal chi\'le k\'utb\'ijalal chi chik\'ik\'ajolomalalal chi k\'utb\'ijalal chi\'wi\' junwi\' ri juyub\' ri\'. Chi chiriqal chi\'b\'ik\'aslemalal chi chik\'ik\'ajolomalal ri uwachulew.', 'Kan, ri le lado ok\'oj, chiriqalal chi juyub\' ri\' chi\'q\'ij kik\'utb\'ijalal chi chik\'ik\'ajolomal ri uwachulew. Romantico, terno, kalido. Chik\'otz\'ib\'ijalalal chiwi\' junwi\' ri\' chi juyub\' ri\'. Chik\'ajolomalal chi chik\'otz\'ib\'ijalal chi\'wi\' junwi\' ri\' juyub\' ri\'.', 'kiche'),
(50, 9, 'K\'at, ri wi\' chikab\'altzi\', chi chik\'utb\'ijalal chi\'k\'ijalal ri uwachulew. Ri le chik\'otz\'ib\'ijalal chi juyub\' ri\' chi\'k\'utb\'ijalal chi chik\'ik\'ajolomal ri uwachulew.', 'Ajpu, ri keb\'al ri\', chi ruk\'ijalal chi juyub\' ri\' chi\'k\'ijalal chi chik\'utb\'ijalal chi\'k\'ijalal ri uwachulew.', 'Tz\'i\', ri le lado ixquierdo, chi ruk\'ijalal chi juyub\' ri\' chi\'k\'ijalal chi chik\'utb\'ijalal chi\'k\'ijalal ri uwachulew.', 'Kan, ri le lado ok\'oj, chiriqalal chi juyub\' ri\' chi\'k\'ijalal kik\'utb\'ijalal chi chik\'ik\'ajolomal ri uwachulew. Romantico, terno, kalido. Chik\'otz\'ib\'ijalalal chiwi\' junwi\' ri\' chi juyub\' ri\'. Chik\'ajolomalal chi chik\'otz\'ib\'ijalal chi\'wi\' junwi\' ri\' juyub\' ri\'.', 'kiche'),
(51, 10, 'No\'j, ri keb\'al ri\', chi ruk\'ijalal chi juyub\' ri\' chi\'k\'ijalal chi chik\'utb\'ijalal chi\'k\'ijalal ri uwachulew. Ri le chik\'otz\'ib\'ijalal chi juyub\' ri\' chi\'k\'utb\'ijalal chi chik\'ik\'ajolomal ri uwachulew.', 'Aj, ri le chik\'ab\'altzi\', chi chik\'utb\'ijalal chi\'ujab\'alal ri uwachulew. Ri chik\'otz\'ib\'ijalal chi juyub\' ri\' chi chik\'utb\'ijalal chi chik\'ik\'ajolomal ri uwachulew.', 'B\'atz\', ri keb\'al ri\', chi ruk\'ijalal chi juyub\' ri\' chi\'k\'ijalal chi chik\'utb\'ijalal chi\'k\'ijalal ri uwachulew.', 'Kawoq, ri le lado ok\'oj, chi chik\'otz\'ib\'ijalal chi juyub\' ri\' chi\'k\'utb\'ijalal chi chik\'ik\'ajolomal ri uwachulew.', 'kiche'),
(52, 12, 'Kawoq, ri keb\'al ri\', chi ruk\'ijalal chi juyub\' ri\' chi\'k\'ijalal chi chik\'utb\'ijalal chi\'k\'ijalal ri uwachulew. Ri chik\'otz\'ib\'ijalal chi juyub\' ri\' chi\'k\'utb\'ijalal chi chik\'ik\'ajolomal ri uwachulew.', 'Tz\'ikin, ri le chik\'ab\'altzi\', chi chik\'utb\'ijalal chi\'ujab\'alal ri uwachulew. Ri chik\'otz\'ib\'ijalal chi juyub\' ri\' chi chik\'utb\'ijalal chi chik\'ik\'ajolomal ri uwachulew.', 'Aj, ri keb\'al ri\', chi ruk\'ijalal chi juyub\' ri\' chi\'k\'ijalal chi chik\'utb\'ijalal chi\'k\'ijalal ri uwachulew.', 'Imox, ri le lado ok\'oj, chi chik\'otz\'ib\'ijalal chi juyub\' ri\' chi\'k\'utb\'ijalal chi chik\'ik\'ajolomal ri uwachulew', 'kiche'),
(53, 13, 'Ajpu, ri keb\'al ri\', chi ruk\'ijalal chi juyub\' ri\' chi\'k\'ijalal chi chik\'utb\'ijalal chi\'k\'ijalal ri uwachulew. Ri chik\'otz\'ib\'ijalal chi juyub\' ri\' chi\'k\'utb\'ijalal chi chik\'ik\'ajolomal ri uwachulew.', 'Ajmaq, ri le chik\'ab\'altzi\', chi chik\'utb\'ijalal chi\'ujab\'alal ri uwachulew. Ri chik\'otz\'ib\'ijalal chi juyub\' ri\' chi chik\'utb\'ijalal chi chik\'ik\'ajolomal ri uwachulew.', 'Ix, ri keb\'al ri\', chi ruk\'ijalal chi juyub\' ri\' chi\'k\'ijalal chi chik\'utb\'ijalal chi\'k\'ijalal ri uwachulew.', 'Iq, ri le lado ok\'oj, chi chik\'otz\'ib\'ijalal chi juyub\' ri\' chi\'k\'utb\'ijalal chi chik\'ik\'ajolomal ri uwachulew', 'kiche'),
(54, 14, 'Imox, ri keb\'al ri\', chi ruk\'ijalal chi juyub\' ri\' chi\'k\'ijalal chi chik\'utb\'ijalal chi\'k\'ijalal ri uwachulew. Ri chik\'otz\'ib\'ijalal chi juyub\' ri\' chi\'k\'utb\'ijalal chi chik\'ik\'ajolomal ri uwachulew.', 'No\'j, ri le chik\'ab\'altzi\', chi chik\'utb\'ijalal chi\'ujab\'alal ri uwachulew. Ri chik\'otz\'ib\'ijalal chi juyub\' ri\' chi chik\'utb\'ijalal chi chik\'ik\'ajolomal ri uwachulew.', 'Tz\'ikin, ri keb\'al ri\', chi ruk\'ijalal chi juyub\' ri\' chi\'k\'ijalal chi chik\'utb\'ijalal chi\'k\'ijalal ri uwachulew.', 'Aq\'ab\'al, ri le lado ok\'oj, chi chik\'otz\'ib\'ijalal chi juyub\' ri\' chi\'k\'utb\'ijalal chi chik\'ik\'ajolomal ri uwachulew', 'kiche'),
(55, 16, 'Aq\'ab\'al, ri keb\'al ri\', chi ruk\'ijalal chi juyub\' ri\' chi\'k\'ijalal chi chik\'utb\'ijalal chi\'k\'ijalal ri uwachulew. Ri chik\'otz\'ib\'ijalal chi juyub\' ri\' chi\'k\'utb\'ijalal chi chik\'ik\'ajolomal ri uwachulew.', 'Kawoq, ri le chik\'ab\'altzi\', chi chik\'utb\'ijalal chi\'ujab\'alal ri uwachulew. Ri chik\'otz\'ib\'ijalal chi juyub\' ri\' chi chik\'utb\'ijalal chi chik\'ik\'ajolomal ri uwachulew.', 'No\'j, ri keb\'al ri\', chi ruk\'ijalal chi juyub\' ri\' chi\'k\'ijalal chi chik\'utb\'ijalal chi\'k\'ijalal ri uwachulew.', 'Kan, ri le lado ok\'oj, chi chik\'otz\'ib\'ijalal chi juyub\' ri\' chi\'k\'utb\'ijalal chi chik\'ik\'ajolomal ri uwachulew', 'kiche'),
(56, 17, 'K\'at, ri keb\'al ri\', chi ruk\'ijalal chi juyub\' ri\' chi\'k\'ijalal chi chik\'utb\'ijalal chi\'k\'ijalal ri uwachulew.', 'Ajpu, ri le chik\'ab\'altzi\', chi chik\'utb\'ijalal chi\'ujab\'alal ri uwachulew. Ri chik\'otz\'ib\'ijalal chi juyub\' ri\' chi chik\'utb\'ijalal chi chik\'ik\'ajolomal ri uwachulew.', 'Tijax, ri keb\'al ri\', chi ruk\'ijalal chi juyub\' ri\' chi\'k\'ijalal chi chik\'utb\'ijalal chi\'k\'ijalal ri uwachulew.', 'Kame, ri le lado ok\'oj, chi chik\'otz\'ib\'ijalal chi juyub\' ri\' chi\'k\'utb\'ijalal chi chik\'ik\'ajolomal ri uwachulew', 'kiche'),
(57, 18, 'Kan, ri keb\'al ri\', chi ruk\'ijalal chi juyub\' ri\' chi\'k\'ijalal chi chik\'utb\'ijalal chi\'k\'ijalal ri uwachulew.', 'Imox, ri le chik\'ab\'altzi\', chi chik\'utb\'ijalal chi\'ujab\'alal ri uwachulew. Ri chik\'otz\'ib\'ijalal chi juyub\' ri\' chi chik\'utb\'ijalal chi chik\'ik\'ajolomal ri uwachulew.', 'Kawoq, ri keb\'al ri\', chi ruk\'ijalal chi juyub\' ri\' chi\'k\'ijalal chi chik\'utb\'ijalal chi\'k\'ijalal ri uwachulew.', 'Kej, ri le lado ok\'oj, chi chik\'otz\'ib\'ijalal chi juyub\' ri\' chi\'k\'utb\'ijalal chi chik\'ik\'ajolomal ri uwachulew', 'kiche'),
(58, 19, 'Kame, ri keb\'al ri\', chi ruk\'ijalal chi juyub\' ri\' chi\'k\'ijalal chi chik\'utb\'ijalal chi\'k\'ijalal ri uwachulew.', 'Iq\', ri le chik\'ab\'altzi\', chi chik\'utb\'ijalal chi\'ujab\'alal ri uwachulew. Ri chik\'otz\'ib\'ijalal chi juyub\' ri\' chi chik\'utb\'ijalal chi chik\'ik\'ajolomal ri uwachulew.', 'Ajpu, ri keb\'al ri\', chi ruk\'ijalal chi juyub\' ri\' chi\'k\'ijalal chi chik\'utb\'ijalal chi\'k\'ijalal ri uwachulew.', 'Q\'anil, ri le lado ok\'oj, chi chik\'otz\'ib\'ijalal chi juyub\' ri\' chi\'k\'utb\'ijalal chi chik\'ik\'ajolomal ri uwachulew', 'kiche'),
(59, 15, 'Iq\', ri keb\'al ri\', chi ruk\'ijalal chi juyub\' ri\' chi\'k\'ijalal chi chik\'utb\'ijalal chi\'k\'ijalal ri uwachulew.', 'Tijax, ri le chik\'ab\'altzi\', chi chik\'utb\'ijalal chi\'ujab\'alal ri uwachulew. Ri chik\'otz\'ib\'ijalal chi juyub\' ri\' chi chik\'utb\'ijalal chi chik\'ik\'ajolomal ri uwachulew.', 'Ajmaq, ri keb\'al ri\', chi ruk\'ijalal chi juyub\' ri\' chi\'k\'ijalal chi chik\'utb\'ijalal chi\'k\'ijalal ri uwachulew.', 'K\'at, ri le lado ok\'oj, chi chik\'otz\'ib\'ijalal chi juyub\' ri\' chi\'k\'utb\'ijalal chi chik\'ik\'ajolomal ri uwachulew', 'kiche');

-- --------------------------------------------------------

--
-- Table structure for table `cruzMayaEspecifica`
--

CREATE TABLE `cruzMayaEspecifica` (
  `identificador` int(11) NOT NULL,
  `nahual` int(11) NOT NULL,
  `id_nahual_concepcion` int(11) NOT NULL,
  `id_nahual_destino` int(11) NOT NULL,
  `id_nahual_izquierda` int(11) NOT NULL,
  `id_nahual_derecha` int(11) NOT NULL
) ENGINE=InnoDB DEFAULT CHARSET=utf8mb4 COLLATE=utf8mb4_general_ci;

--
-- Dumping data for table `cruzMayaEspecifica`
--

INSERT INTO `cruzMayaEspecifica` (`identificador`, `nahual`, `id_nahual_concepcion`, `id_nahual_destino`, `id_nahual_izquierda`, `id_nahual_derecha`) VALUES
(1, 9, 0, 16, 14, 2),
(2, 10, 1, 17, 15, 3),
(3, 11, 2, 18, 16, 4),
(4, 12, 3, 19, 17, 5),
(5, 13, 4, 0, 18, 6),
(6, 14, 5, 1, 19, 7),
(7, 15, 6, 2, 0, 8),
(8, 20, 7, 3, 1, 9),
(9, 16, 8, 4, 2, 10),
(10, 17, 9, 5, 3, 11),
(11, 18, 10, 6, 4, 12),
(12, 19, 11, 7, 5, 13),
(13, 1, 12, 8, 6, 14),
(14, 2, 13, 9, 7, 15),
(15, 3, 14, 10, 8, 16),
(16, 4, 15, 11, 9, 17),
(17, 5, 16, 12, 10, 18),
(18, 6, 17, 13, 11, 19),
(19, 7, 18, 14, 12, 0),
(20, 8, 19, 15, 13, 1);

-- --------------------------------------------------------
--
-- Table structure for table `energiakiche`
--

CREATE TABLE `energiakiche` (
  `id` int(11) NOT NULL,
  `nombre` varchar(25) NOT NULL,
  `significado` tinytext NOT NULL,
  `htmlCodigo` mediumtext NOT NULL,
  `nombreYucateco` varchar(30) NOT NULL,
  `categoria` varchar(100) NOT NULL,
  `ruta` varchar(100) DEFAULT NULL
) ENGINE=InnoDB DEFAULT CHARSET=utf8mb4 COLLATE=utf8mb4_general_ci;

--
-- Dumping data for table `energiakiche`
--

INSERT INTO `energiakiche` (`id`, `nombre`, `significado`, `htmlCodigo`, `nombreYucateco`, `categoria`, `ruta`) VALUES
(1, 'Jun', 'Awach wuj ', '<p>Ri ujunal re re chuchuj are k’uya jun uwach, rech oejr taq winaq’ k’isik’ nojel ri kuya ri uwach re nitz’ rech are.ri jun unal, are k’uya ri unopj rech nojel.\nJun uwach uleq’k’onojel ri wanaq’ sib’alaj utz j’elik’ chomenik’ri nitz potz’ uchuq’ab’¿ ruk k’uya ri wach´{ kuya ri nim uwach.</p>', 'Jun', 'Energia_1', 'Calendario_Cholquij\\Energias\\jun.png'),
(2, 'Keb\'', 'Uwach wuj', 'Ri  ixk’eb’,  kuya ri uchomonik’  ix  k’eb’, are k’ichomaj jas  ri  ixiq’ ri achi ri b’aq’il rech ri winaq’ are k’ix chob’axik’ ri wat’ ri k’ix are re awach ulew rech nim aj are  ri b’aq’il rech ixpanaq’ re ujkab’ich ri ik’ rech le ulew maj reb’antajij re le nim q’ij rech chaq’ab’ rech le maq’ rech ri yin y yan.\nAre ri jupuq’ rech rech le uwach ulew k’uj b’elej rech q’aq are uwach uq’ab’ rech le uchaq’ le q’ij maj rech k’uj rechaq’ rech q’a uajka¿j re maj lke nim ik’.', 'Ka\'a', 'Energia_2', 'Calendario_Cholquij\\Energias\\keb.png'),
(3, 'Oxib\'', 'Uwach wuj ', 'Le urk’al rech uwach che. Are ri chab’aj uj keb’ rech uwach xolanik’ chipam ri uwach ulew k’eb’inik’ chuch le q’ij  rech ¿ k’awaj´} ri awch winaq’ are k’eb’inik’ chuxul le ri k’aslemal uwach ri xil k’iwach are k’iya ri winaq’ rech le ja’ q’aq re le b’aq’il ija’ rech ulew nim q’j.\nAre ri nim winaq’ k’ewesaq’ ri q’aq’ rech {iwach ulew chaq’ab’{ k’uya u k’aslemal ri nim poz’t.', 'Ox', 'Energia_3', 'Calendario_Cholquij\\Energias\\oxib.png'),
(4, 'Kajib\'', 'Uwach ulew', 'Le k’ik’ik’ik’otik’ ri nim winaq’ ajq’ij.\nRi re xuquje ri ajilab’al k’uj bixik’ recha rech ajq’ij xuquje ri ajmayib’ rech pachin paj maj ix pojanik.are ri maj ajilab’al rech nim rech ri chab’aj tz’ij rech maj uj k’elej uj k’ajib’ k’ajib’ b’e uwach ulew tik’iq’ y ri ja’ ajmayib’ k’ajib’ ucwach ri aj mayib’ re winaq’ rech nim taq’ ojer einq’.', 'Kan', 'Energia_4', 'Calendario_Cholquij\\Energias\\kajib.png'),
(5, 'Job\'', 'Tz’ij uwach ', 'K’inwaj rech chak’ ri masis ri chak’unik’ ri maj rech uwach re le nij aja’j q’ab’aj re rech ri orox noch tinamit’ ore ix paxik’aj ri –maj ulew q’aq rech masis re le nim ajaw ri pachib’anik’ bixonik’.', 'Jo', 'Energia_5', 'Calendario_Cholquij\\Energias\\job.png'),
(6, 'Waqib\'', 'Wuj uwach ulew re le nim ajilab’al rech k’intawaj ri winaq’.', 'Ri q’q rech le b’aq’ij’l ke+ oxib’ –uwach k’eb’ rech tz’b’aj re nim taq’ chich rech le nim ulew ri k’uya uwach ri k’onojel ri winaq’ rech k’uj b’elejchonik.\nRi xuquje re maj uwach wuj q’ij uwach ri winaq’ k’ix b’ixonik’ par i sib’alaj utz ri k’ab’inoq’ rech le paq maj ustaq.are ri maj rech palaj rech uwach k’ichomaj.', 'Wak', 'Energia_6', 'Calendario_Cholquij\\Energias\\waqib.png'),
(7, 'Wuqub\'', 'Tz’ij uwach wuj', 'Ri echaq¿ rech maj uxol ulew rech maj uztaq’ xib’ixonik’ chomaj ri ixk’eb’ rech nim uchuq’ab’ rech taq’ ri achijab’ chich utz sib’alaj utz chomaj ri maj uxchojojil le plaj b’e k’eb’inik’ pa le b’e rech ik.', 'Uuk', 'Energia_7', 'Calendario_Cholquij\\Energias\\wuqub.png'),
(8, 'Wajxaqib\'', 'Ri riitzijab\'al, Ri ruk\'ub\'al, Ri k\'aslemal, Ri ch\'uti\' masis', 'Ri tz’ij wuj ri nim q’ij re ri achijab’ achi.rech ri chomaj ri b’achiok’ are nim wiq’b’ ri noj re ulew maj rech pataq’ re k’ask’olik’ tz’ij che b’aj b’ixonik’ le rech le uwach waxaq’ib’ ruk ri walma ulew k’eb’ nawal k’ajib’ are k’ajib’+ xuquje kajib’ + rech siwan tinamit.', 'Waxac', 'Energia_8', 'Calendario_Cholquij\\Energias\\wajxaqib.png'),
(9, 'B\'elejeb\'', 'Uk\'alaj, Ri le uk\'uxik\', ri tijob\', Ri ch\'uti\' xuquje', 'Tz’ij uwach ulew le uwach re uchaq’ab’ rech ixoq’. Are ri maj wachoch urach junpa k’ux xulik ri ulew are k’ix maj ub’antaq’ij ri ojer winaq’ rech ik’ taq’ uwach ulew rech nim q’ij re le uwach ulew rech maj ulew.', 'Bolon', 'Energia_9', 'Calendario_Cholquij\\Energias\\belejeb.png'),
(10, 'Lajuj', 'Tz’j uwach wuj ', 'Ri k’amalb’e rech tinamit’ ri kwilo k’eb’antaq’ij ri wach ulew. Are k’uxa jumpa xuya le xib’ich re are ri maj uchoxol ri maj ulew awach ulew uj k’eb’ rech q’ab’aj re jo+ job’ rec nim ik’ ruk’ le uwach ulew.\nAre ri k¿aslemal rech uwach ulew k’uya ri maj b’ixolik’ rech pa le juj taq’ winaq’ ruch ri uwach plaj k’ik’otik’ jun oj b’ixonij rech le taq’ maj xib’aj rech le nim  b’aj noch.', 'Lajun', 'Energia_10', 'Calendario_Cholquij\\Energias\\lajuj.png'),
(11, 'Julajuj', 'Rechik, ri julek\', ri kaq\'ijil, Ruk\'ixik\' taq ri yey ichb\'alon', 'Ri k\'ajb\'ixik\' k\'atz\'anik ri uk\'utal.\nRi loe juyu\', rux\'le, tzaj.\nXaqib\'aj rech le k\'ajb\'ixik\' chiri\', xuch\'alaj chi\' chiqo\' utz chi\' chuk\'. Rech le k\'ajb\'ixik\' xuquje xu kib\'axib\'al ri juyu\' chik\', ri wi chiri\' chiri\' ri ch\'utin ri kib\'axib\'al rech chi chij jun chakaj ruk\' utz chuk\', xuquje ri k\'at chi qajali\' utz chiri\' xuquje wa q\'ijaq\' ri utz loj. Ri k\'ajb\'ixik\' xuquje chi ri winaq k\'ab\'anoj taq ukab\'anoj utz chuk\' xuquje rech loj tzolkin, ri kib\'axib\'al chik chiri\' chiri\' ri ch\'utin. La rech ja\' ri ch\'utin chi\' chupam tioxich\' ruwi\' utz chuk\' ri loj wa, rech tz\'aq taq uk\'utal q\'ij utz chuk\' rik\'in chi\' winaq utz chiri\', utz ri wachij ri kib\'axib\'al, chiri\' chuk\' ri wachij chi\' ri kaqawa\' k\'utal utz chuk\', ri loj ri\', chi\' chupam, chi\' chuk\' ri wi chiri\' chiri\' ri ch\'utin. Ri q\'ij ri winaq chuk\' xuquje chi\' k\'utal q\'ij utz chuk\', xuquje ri wi chiri\' chiri\' ri ch\'utin.', 'Buluk', 'Energia_11', 'Calendario_Cholquij\\Energias\\julajuj.png'),
(12, 'Kab\'lajuj', 'Tz’ij uwach uklew', 'Ri alaxik’, ri tinamit’ jupuq’ rech le nim q’ij.\nRi ub’ixik ri. K’eb’+ waq’ib’ ri k’uya ri chuq’ab’ rech le awqaj rech le nim wachoch rech job’al yeb’al rech uwach ulew.', 'Kaalajun', 'Energia_12', 'Calendario_Cholquij\\Energias\\kablajuj.png'),
(13, 'Oxlajuj’', 'Tz’ij noj wuj', ' Ri nim b’e nim b’e.\nUwach le b’e uxolik’ pa le k’onojel ri upalexik’ ri noj wuj sib’alaj al le rech le nim uchach are ri k’etanik’ ri ulew rech noj chomanik’ jolib’al rech wonojel k’ikwilo le tz’ij le nana uwach ulew k’uya le uwach che rech uk’otz’ij rech nim ja’.', 'Oxlajun', 'Energia_13', 'Calendario_Cholquij\\Energias\\oxlajuj.png');

-- --------------------------------------------------------

--
-- Table structure for table `kins`
--

CREATE TABLE `kins` (
  `id` int(11) NOT NULL,
  `iddesk` int(11) NOT NULL,
  `nombre` varchar(25) DEFAULT NULL,
  `significado` varchar(150) DEFAULT NULL,
  `htmlCodigo` mediumtext DEFAULT NULL,
  `categoria` varchar(100) NOT NULL,
  `nombreYucateco` varchar(25) DEFAULT NULL,
  `ruta` varchar(100) DEFAULT NULL
) ENGINE=InnoDB DEFAULT CHARSET=utf8mb4 COLLATE=utf8mb4_general_ci;

--
-- Dumping data for table `kins`
--

INSERT INTO `kins` (`id`, `iddesk`, `nombre`, `significado`, `htmlCodigo`, `categoria`, `nombreYucateco`, `ruta`) VALUES
(0, 1, 'Imix\'', 'Awaj darb’', 'Are ri uchijij ri k’aslemal rech noj chomanik’ are k’ik’i¿otik’ rech uj k’eb’ sib’alaj noj wuj xuquje re k’ib’anak’ ri  nim nim ajtijab’ ajq¿ij k’e b’ixonik pa le uwach ulew k’isk’i¿otik¿ re le nim ja’ sib’alaj k’ub’anak’ rech le nim wachch re chak’.', 'Kin_0', 'Imix', 'Calendario_Haab\\Kines\\Imix.png'),
(1, 2, 'Ik\'', 'Tik’ik’', 'Are ri tinamit’ rech le k’eb’ rech uwacch noj rech uchomanik’ k’echawik’ le winaq’ jupuq’ xuquje re le nim ja’ are k’ek’ik’olok’ pa le job’al t’ij rech nim wachch k’olik.', 'Kin_1', 'Ik', 'Calendario_Haab\\Kines\\Ik.jpg'),
(2, 3, 'Ak\'bal\'', 'Chaq\'ab\'', 'Le q’ij le sutz’ q’eq’ ri k’aslemal joropa le ri k’ewarik’ k’ix chob’anik’ le tz’ij xuquje le nim paja’ are ri job’al chach sib’alaj nim taq’ maj rech paq’ nim ajaw re le nim paq’ik’ are k’e paxanik’.', 'Kin_2', 'Akbal', 'Calendario_Haab\\Kines\\Akbal.jpg'),
(3, 4, 'K\'an', 'Le ija’ re ixim ', 'Are uwach le  ub’aq’il re k’aslemal are k’uya uwach le ija’ re ixim sib’alaj xuquje ri chob¿’aj nim uwach re le uwach re le ub’aq’l ri ajxotenik’ re le nim pa ja’ñ', 'Kin_3', 'Kan', 'Calendario_Haab\\Kines\\Kan.png'),
(4, 5, 'Chikchan', 'K’umatz’', 'Are ri paj re le ri k’aslemal uwach ri b’aj re le paj k’ya le nim k’aslemal are k’uya rech le nim paq’ tre le pajib’al k’uya ri  chuchuj re nim paja re nim wachch are k’uya le xuquje le sib’alaj.', 'Kin_4', 'Chicchan', 'Calendario_Haab\\Kines\\Chikchan.png'),
(5, 6, 'Kimi', 'Ri uwach rech siwan tinamit', 'Are ri q’amab’ re le nim ik’ ri aj mayib’ rtech palaj sib’alaj potz’ rech paloj kex k’amik’ npa le noj chomanik’ik re le k’aslemal uwach re le nim wacholil le noj tz’b’.', 'Kin_5', 'Cimi', 'Calendario_Haab\\Kines\\Kimi.png'),
(6, 7, 'Manik\'', 'Le uq’ab’', 'Ri aq’ab’aj re le uwach re le k’unanik’ k’ek’omik’ keb’ rech le uq’ab’aj re uwarik’ uk’asiq’ik’ are k’unenik’ urox kuya maj re lke paq’ re nim wachch masis.', 'Kin_6', 'Manik', 'Calendario_Haab\\Kines\\Manik.png'),
(7, 8, 'Lamat', 'Ri chumil ', 'Ri chomil ruya wach le je’lik k’ik’otik’ k’uya uchomanik’ ri win aq’ kwilo le chumil xuquje ri are k’uya ri maj k’echaq’k’ le nim paja’ k’uya le uwach le k’ib’j le le uwach sib’alaj utz utz.', 'Kin_7', 'Lamat', 'Calendario_Haab\\Kines\\Lamat.png'),
(8, 9, 'Muluk', 'Le ik’', 'Ri watit’ ik’ k’una wonojel ri wanq’q’ k’eb’anoq kuya ri chonamik’ rech pachinik, are ri chojonik’ k’ik’otik’ rech maj utz utz k’uya le chcuchuq’ ri k’uya le tz’ij rech masis q’aqink’uxatik’ rech nim paq’.', 'Kin_8', 'Muluc', 'Calendario_Haab\\Kines\\Muluk.png'),
(9, 10, 'Ok', 'le tz’i', 'Are uchuq’ab’ rech wanima . le tz’I k’uya le sib’laj utz le uq’ chijij junre ajaw are ri k’uya le uwach re le uchajinik’ are k’uchaq’iq’ le nim rech wach sib’alaj chijinik’ pa le paq’ k’e tionik’.', 'Kin_9', 'Oc', 'Calendario_Haab\\Kines\\Ok.png'),
(10, 11, 'Chuwen', 'Le k’oy', 'Are ria k¿’al uchomanik’ k’uya le k’aslemal rech q’aq’ k’uya le uwach are chomanik’ le wach xuquje le palj ri nim k’uj b’antajiq’ ri chomanik’ re le watit’ k’aman’ tz’e ri tolpinik’  le iz’el.', 'Kin_10', 'Chuen', 'Calendario_Haab\\Kines\\Chuwen.png'),
(11, 12, 'Eb\'', 'Ri winaq', 'Are ri nim k’i¿uya ub’xik’ ri le uwach le are maj k’ub’anaq’ re le nim paq’ rech le k’ub’antajiq’ re le njim  pachcihc le nim pachoq’ maj ix rech b’ech.', 'Kin_11', 'Eb', 'Calendario_Haab\\Kines\\Eb.png'),
(12, 13, 'B\'en ', 'Ri b’e rech uk’ux re uk’aj ', 'Are ri b’aj re le nim paq’ uwaxch le nim paja re ulew rech ulew ri b’e ri le nim u tzij k’uya le nim paq’ re maj paq’ chioch le ub’e rech ajmayib’.', 'Kin_12', 'Ben', 'Calendario_Haab\\Kines\\Ben.png'),
(13, 14, 'Ix', 'Le sub’laj tz’ij ', 'Are k’uya uwach le itz’el taq’ k’ub’anaq re le k’unenik’ are k’uya le mix are k’uya le nim  aq’ rech le uwachij re le nim upolaxik’ ri xuquje le reche k’e plaj.', 'Kin_13', 'Ix', 'Calendario_Haab\\Kines\\Ix.png'),
(14, 15, 'Men', 'Le nim tz’ik’in', 'Are k’uya le kwile jela are ri rech unoj k’uya le nim k’ik’olik’ ri ub’uxik’ le paq’ rech palaq’ ruk ‘le taq’ pachib’.', 'Kin_14', 'Men', 'Calendario_Haab\\Kines\\Men.png'),
(15, 16, 'Kib\'', 'Le chak’unik’', 'Ri uwach are k’enemenik’ are pa le nim ruk’ le rech k’uya ri uwach le ub’ixik’ le nim ajmayib’ rech le  im paq’’ rech q’aq’ rech le nim paq’ ruk’ le k’ub’onoq’ le nim wachch.', 'Kin_15', 'Cib', 'Calendario_Haab\\Kines\\Kib.png'),
(16, 17, 'Kab\'an', 'Le ulew', 'Are k’uya le uwach ulew k’uya le are ri k’ub’j le nimtzij rech le nim wachcihch. Re le maj q’ej k’uya le uchoq’ab’ trech le nim.', 'Kin_16', 'Caban', 'Calendario_Haab\\Kines\\Kaban.png'),
(17, 18, 'Etz\'anab\'', 'Ri uwach k’ek’ayik’ ri ab’aj rech palaj rech ri nim paq’ rech le nim wachch ', 'Ri q’q’ rech le nim k’uya le k’aslemal rech nim paq’ k’uya ri uchuq’ab’ rech le nim awaj rech le maj tzij rech palaj rech le nim ab’aj k’uya ri uchuq’ab’ rech maj rech le nim ja’ rech le waj rech palaj reche de le nim awaj jolib’al rech le nim  ja’kuya uchuq’ab’.', 'Kin_17', 'Etznab', 'Calendario_Haab\\Kines\\Etznab.png'),
(18, 19, 'Kawak', 'Le ri job’', 'Ri wach le job’ ri chob’anik’ k’uj b’inik’ wach ulew k’epetik’ le jo’ rech ,maj k’e banoq’ le maj k’i¿olik’ ri uwach ri ub’ej che le mj sib’laj moch utz le uwach rech sib’alaj utrz le q’aq’ rech ri k’aslemal rech uwach ulew maj xuquje re ulew,', 'Kin_18', 'Cauac', 'Calendario_Haab\\Kines\\Kawak.png'),
(19, 20, 'Ajaw', 'Le q’ij ri q’ij ', 'are uwach le q’aq’ re le k’aslemal rech ri chomil k’e b’xonik’ ri k’amalb’ are ri k’echiplak’ib’ are o usuk’ k’achak’unik’ ri are ri awaj rech le nim q’ij rech k’uk’ le nim wach xib’inik’,', 'Kin_19', 'Ahau', 'Calendario_Haab\\Kines\\Ajaw.png');


--
-- Table structure for table `nawal`
--

CREATE TABLE `nawal` (
  `idweb` int(11) NOT NULL,
  `iddesk` int(11) DEFAULT NULL,
  `nombre` varchar(20) NOT NULL,
  `nombreYucateco` varchar(50) DEFAULT NULL,
  `significado` varchar(100) NOT NULL,
  `htmlCodigo` longtext DEFAULT NULL,
  `categoria` varchar(100) NOT NULL,
  `descripcion` mediumtext DEFAULT NULL,
  `ruta` varchar(100) DEFAULT NULL
) ENGINE=InnoDB DEFAULT CHARSET=utf8mb4 COLLATE=utf8mb4_general_ci;

--
-- Dumping data for table `nawal`
--

INSERT INTO `nawal` (`idweb`, `iddesk`, `nombre`, `nombreYucateco`, `significado`, `htmlCodigo`, `categoria`, `descripcion`, `ruta`) VALUES
(0, 15, 'Tzikin', NULL, 'Tzi', '<strong>Tzij wuj rech </strong>\n<p>\n  \n Ri k’ub’ij ri tz’k’in are k’uya le uwach le ri k’asleml wa’ xuquje ri\n  nawal rech ri k’echopanik’ rech chomanik’ k’uk’umatz’ rech paq rajil rech ajaw\n  re le nim q’ij tz’k’in ri waq rech maj wanima rech ruk’ le waq’b’ chab’al rech\n  maj tzij rech maj rech le min q’ij. Xuquje ri q’ij rech jun awaj ri plaj rech\n  ri rajil rech xuquje re le nim chuch aq’q’ rik’.r\n\n</p>\n\n\n\n<p>\n <strong>Función Espiritual:</strong>\n</p>\n\n\n<ul>\n  \n\n  <li>sib’alaj maltyoxiq’ rech taq’ ri chab’anik’ rech rumal rajil rech</li>\n  \n\n  <li>q\'ij xuquje ri ri chak’uk\'nik’ rech le siwan tinamit’</li>\n  \n\n  <li>q’ij rech le nim q’ij re ija’ re rech le awaj.</li>\n  \n\n</ul>\n\n\n<p><strong>Su origen:</strong> Kej <strong>wanima:</strong> Aq\'ab\'al</p>\n\n\n<p>\n <strong>Fortalezas:</strong>\n</p>\n\n\n<ul>\n  \n\n  <li>ech ri k’ub’anik’ le chak’</li>\n  \n\n  <li>rech jun jujun nim aq’b’</li>\n  \n\n  <li>chomanik ri warib’a.</li>\n  \n\n  <li>utz ri warib’al</li>\n  \n\n  <li>rech xuquje ri ajq’ij</li>\n  \n\n</ul>\n\n\n<p>\n <strong>Debilidades:</strong>\n</p>\n\n\n<ul>\n  \n\n  <li>iz’el</li>\n  \n\n  <li>maj infat’</li>\n  \n\n  <li>k’elek\'anik’</li>\n  \n\n  <li>rich tijowik’</li>\n  \n\n</ul>\n\n', 'Nahual_0', '', 'Calendario_Cholquij\\Nahuales\\cholquij-tzikin.png'),
(1, 16, 'Ajmaq', NULL, 'k’oo', '<strong>Rech </strong>\n<p>\n  \r\n Bubu tuk’ur iz’el \r\n Ri tzuij ri re q’ij rech k’uya k’uj pech rech\n  k’umanik’ rech uwach ulew ri ajaw ri maj ri ojer taq winaq’ rech wuq’ub’ rech\n  le winaq’. Re nim q’ij re uwach ulew rech plaj rech plaj k’ur jun mul\n  chak’unik’ pa le winaq’ re sib’ak¿laj noj wuj rech k’extiq’ riwal le\n  k’amanaq’ij ajmaq’ ri maj utz’al ri awaj are k’uya ri chpmanik’ ri paq’ rech\n  iz’el taq’ k’ichomaj rech k’ar taq’.r\n\n</p>\n\r\n\n\n\r\n\n<p>\r\n <strong>Fortalezas:</strong>\r\n</p>\n\r\n\n<ul>\n  \r\n\n  <li>are k’uya ri ub’ixik’ cghe le k’ab’naq’ib’ rech winaq’</li>\n  \r\n\n  <li>re arech k’uya rech chomanik’</li>\n  \r\n\n  <li>urok’ chojinik’</li>\n  \r\n\n  <li>are k’uchapiq’ ru uchi</li>\n  \r\n\n  <li>maj utz le siwan wunaq’</li>\n  \r\n\n  <li>k’ub’ij taq’ prej</li>\n  \r\n\n  <li>chak’unik’</li>\n  \r\n\n  <li>chwik’</li>\n  \r\n\n</ul>\n\r\n\n<p>\r\n <strong>Debilidades:</strong>\r\n</p>\n\r\n\n<ul>\n  \r\n\n  <li>iz\'el winaq’</li>\n  \r\n\n  <li>Rech wanima</li>\n  \r\n\n  <li>rech maj rech le waniq’</li>\n  \r\n\n  <li>maj k’k’ubij taq’</li>\n  \r\n\n  <li>manoq’</li>\n  \r\n\n  <li>ri floj wach rech maj re tzij</li>\n  \r\n\n  <li>are k’amalb’e rech tinamit’.</li>\n  \r\n\n</ul>\n', 'Nahual_1', '', 'Calendario_Cholquij\\Nahuales\\cholquij-ajmaq.png'),
(2, 17, 'No\'j', NULL, 'Chomanik', '<strong>Rech</strong>\n<p>\n  \r\nAre chomanik’ rech chomanik’ re le watit’ kaman rech ri ajaw rech xuquje\n  re le nim ajaw chomanik’ re le chomanik’ ri k’awal uwach chuch le noj wuj rech\n  le kuj b’ixonik’ rech plaj re nim q’ij ri q’aq’ rech ajmayib’ rech le nim q’ij\n  ri awaj xuk’ulem re nim ajmayib’ rech maj tzij ajq’ij rech le nim taq’ ajq’ij\n  re le nim winaq’ rech le nim awaj rech plaj re le nim wuj chomanik’ no’j ri\n  q’ij ri xuquje re le nim q¿ij are k’uya ri chob’ab’alaj ri utz rech le q’ij\n  k’awik’chomanik’k’ rech le nim q’ij..r\n\n</p>\n\r\n\n\n<p>\r\n <strong>Función Espiritual:</strong>\r\n Origen toj rech kan</p>\n\r\n\n<ul>\n  \r\n\n  <li>ri ajaw rech le nim chomanik’ rech le nimq’ij</li>\n  \r\n\n  <li>are k’uya ri uwach ri uwach</li>\n  \r\n\n  <li>q’ij rech maj re wunaq’</li>\n  \r\n\n  <li>are k’uya ri sib’alaj utz ri waniq’</li>\n  \r\n\n</ul>\n\r\n\n<p>\r\n <strong>Fortalezas:</strong>\r\n</p>\n\r\n\n<ul>\n  \r\n\n  <li>are kuj chomanik re nim q’ij chomanik’</li>\n  \r\n\n  <li>are ri chomaj ri ri k’amalb’e rech</li>\n  \r\n\n  <li>k’uya ri iuwach</li>\n  \r\n\n  <li>are k’ya ri waniq’</li>\n  \r\n\n  <li>are tijoxel</li>\n  \r\n\n  <li>k’amalb’e rech</li>\n  \r\n\n</ul>\n\r\n\n<p>\r\n <strong>Debilidades:</strong>\r\n</p>\n\r\n\n<ul>\n  \r\n\n  <li>Are k’uj xoboixik’ ri wanik’</li>\n  \r\n\n  <li>are k’echomanik’</li>\n  \r\n\n  <li>ri chomanik’</li>\n  \r\n\n  <li>rech irj iz’el winaq’</li>\n  \r\n\n</ul>\n', 'Nahual_2', '', 'Calendario_Cholquij\\Nahuales\\cholquij-noj.png'),
(3, 18, 'Tijax', NULL, 'ch’aak', '<strong>Rech</strong>\n<p>\n  \r\nTzij ri ab’aj re uchaq’ab’ rech le nim ab’ ri k’awaj k’awaw’ ri tek’olja\n  rech maj are k’uy jun nim kunanik’ rech ajq’ij, rech q’ab’aj re le nim ajaw ri\n  b’ak’il rech le nim q’ij ri jujun re le nim q’ij rech ajq’ijq rech ri\n  chomanik’ rech le q’ij.r\n\n</p>\n\r\n\n\n<p>\r\n <strong>Fortalezas:</strong>\r\n Origen Tijax rech keme</p>\n\r\n\n<ul>\n  \r\n\n  <li>\n    Ri q’ij re le nim k’uya ri ub’ixik’ che le nim awaj ri wach re le nim wach\n    re min q’ij rech paq’\n  </li>\n  \r\n\n  <li>Ruk’ ri uchuq’ab’ tz’I</li>\n  \r\n\n  <li>are k’uya ri uchab’exik’ ri tz’aj</li>\n  \r\n\n  <li>uwach uk’uch</li>\n  \r\n\n  <li>k’uya ri ub’exik’ ri nim q’ij</li>\n  \r\n\n  <li>ri maj k’echojonik’</li>\n  \r\n\n</ul>\n\r\n\n<p>\r\n <strong>Debilidades:</strong>\r\n</p>\n\r\n\n<ul>\n  \r\n\n  <li>Iz’el winaq’</li>\n  \r\n\n  <li>k’uya ri wach</li>\n  \r\n\n  <li>are k’uya le maq’</li>\n  \r\n\n  <li>ri plaj rech k’echojonik’</li>\n  \r\n\n</ul>\n', 'Nahual_3', '', 'Calendario_Cholquij\\Nahuales\\cholquij-tijax.png'),
(4, 19, 'Kawoq', NULL, 'k’a’y', '<strong>Rech</strong>\n<p>\n  \r\nTek’olja’ rech uwach ulew Ri nawal rech imob’ rech imoxib’ ri q’ij rech ri\n  ajamq’ uj k’eb’ q’ij alaxik’ ri jupuq’ re jo’ rech ixim. Ri paq’ rech ri\n  k’unanik’ uchuq’ab’ rech ajq’ij re le nim q’ij nan ulew rech de re k’otz’ij ri\n  wqacho chuchoj xuquje ruk’ ri tinamit’ nrech wanojel.r\n\n</p>\n\r\n\n\n<p>\r\n <strong>Rech ajq’ij.</strong>\r\n</p>\n\r\n\n<ul>\n  \r\n\n  <li>jujun re ri b’aq’il re la axob’ k’exk’olik’</li>\n  \r\n\n  <li>q’ij ri alaxik’ re tinamit’.</li>\n  \r\n\n  <li>q’ij rech ri ak’alab’ k’e maj ri nitz’ ak’al kekolik’</li>\n  \r\n\n</ul>\n\r\n\n<p>\r\n <strong>Fortalezas:</strong>\r\n Ri uwach b’atz’ ri kyej</p>\n\r\n\n<ul>\n  \r\n\n  <li>ri k’ikotik</li>\n  \r\n\n  <li>k’aslemal</li>\n  \r\n\n  <li>ri alaxik’</li>\n  \r\n\n  <li>le ixob’</li>\n  \r\n\n  <li>ri ajb’xoq’</li>\n  \r\n\n</ul>\n\r\n\n<p>\r\n <strong>Debilidades:</strong>\r\n</p>\n\r\n\n<ul>\n  \r\n\n  <li>ri caech riwal</li>\n  \r\n\n  <li>ri iz’el taq’ winaq’</li>\n  \r\n\n  <li>maj utz taq’ ri wanima</li>\n  \r\n\n  <li>ri wach tz’ijonik’</li>\n  \r\n\n</ul>\n', 'Nahual_4', '', 'Calendario_Cholquij\\Nahuales\\cholquij-kawoq.png'),
(5, 20, 'Ajpu', NULL, 'Cerbatanero o señor principal', '<strong>Rech</strong>\n<p>\n  \r\nRi awach ulew ri q’q rech watit’ q’ij ria jaw Ri jun ajpun ixb’alanque\n  Ixmuk’ane Ri tik’onik’ k’eb’ achijab’ re upa wa’ rech tinamit’ Ri aq’j\n  uchuq’ab’ rech k’aslemal ri tek’olja ri maj ri chanim rech le tinamit’.r\n\n</p>\n\r\n\n\n<p>\r\n <strong>Rech ajq’ij.</strong>\r\n</p>\n\r\n\n<ul>\n  \r\n\n  <li>q’ijre watit’ kaman</li>\n  \r\n\n  <li>qij rech k’esk’esk’olik’</li>\n  \r\n\n  <li>ri q’ij rech re itz’l</li>\n  \r\n\n  <li>Ruk’ ri q’anil</li>\n  \r\n\n</ul>\n\r\n\n<p>\r\n <strong>Ri wach wuj:</strong>\r\n Ri uwach E\' ri Q\'anil</p>\n\r\n\n<ul>\n  \r\n\n  <li>utz re le nim q’ij</li>\n  \r\n\n  <li>re le nim wach</li>\n  \r\n\n  <li>k’ik’otik’</li>\n  \r\n\n  <li>ri k’exq’ij</li>\n  \r\n\n  <li>ri utz che le ri juyub’</li>\n  \r\n\n</ul>\n\r\n\n<p>\r\n <strong>Ri wach:</strong>\r\n</p>\n\r\n\n<ul>\n  \r\n\n  <li>ri caech riwal</li>\n  \r\n\n  <li>ri iz’el taq’ winaq’</li>\n  \r\n\n  <li>maj utz taq’ ri wanima</li>\n  \r\n\n  <li>ri wach tz’ijonik’</li>\n  \r\n\n</ul>\n', 'Nahual_5', '', 'Calendario_Cholquij\\Nahuales\\cholquij-ajpu.png'),
(6, 1, 'Imox', NULL, 'Kar', '<strong>Rech</strong>\n<p>\n  \r\nRi ri uchuq’ab’ re le ulew re le imox re le q’ijn rech tek’takolik’ ri\n  ujolomaj. Ri nawal re ajq’ij k’i¿ux xuquje re winaq re q’ij ri utz le q’ij\n  uwach k’uk’ che le nim Ri waleb’abl ri ja’n ri jolom re chak’anik’ ri ajtij ri\n  q’ij ri le maj ri wach le menta’ k’ex lob’ik’ ri k’aslemal re le ub’ach.r\n\n</p>\n\r\n\n\n<p>\r\n <strong>Rech ajq’ij.</strong>\r\n</p>\n\r\n\n<ul>\n  \r\n\n  <li>ri k’ek’unanik’</li>\n  \r\n\n  <li>q’ij rech invoch</li>\n  \r\n\n  <li>re le nim q’ij chomanik’</li>\n  \r\n\n  <li>ruk’ ri aj toj</li>\n  \r\n\n</ul>\n\r\n\n<p>\r\n <strong>Ri wach wuj:</strong>\r\n Ri uwach Aj ri toj</p>\n\r\n\n<ul>\n  \r\n\n  <li>ruk’ ri wachib’al.</li>\n  \r\n\n  <li>ri chak’unik’</li>\n  \r\n\n  <li>k’alesk’uch</li>\n  \r\n\n  <li>k’uk ri utz taq’</li>\n  \r\n\n</ul>\n\r\n\n<p>\r\n <strong>Ri wach:</strong>\r\n</p>\n\r\n\n<ul>\n  \r\n\n  <li>re le nim ja’</li>\n  \r\n\n  <li>k’uk’ ri chob’el</li>\n  \r\n\n  <li>sib’alaj utz</li>\n  \r\n\n  <li>maj ustq’ ri wach</li>\n  \r\n\n</ul>\n', 'Nahual_6', '', 'Calendario_Cholquij\\Nahuales\\cholquij-imox.png'),
(7, 2, 'Iq\'', '', 'Ik', '<strong>Rech</strong><p> \\r\\nRi tik’ik are ri uk’ux rech le wanima re le re le maj ruk’ le q’ij rech k’aslemal re le winaq’ re uwach le tiq’iq’ rech nawal sib’alaj j’ob’ ri are ulew rech taq’ wonojel ri nojel le maj uztaq’ re le ulew Re aka’l k’il uwach ri tiq’iq’ rech xuquje re klle k’ixpixk’inik’ re nim wach xuquje le majr\\n</p>\\r\\n\n<p>\\r\\n <strong>Rech.</strong>\\r\\n</p>\\r\\n<ul> \\r\\n <li>le q’ij ri utz ri utz che le aq’ij</li> \\r\\n <li>q’ij k’uk’unaq’ ri izel taq’ k’ek’olik’.</li> \\r\\n <li>q’ij rech le ulew k’uya le ija’ ixim</li> \\r\\n</ul>\\r\\n<p>\\r\\n <strong>Ri wach wuj:</strong>\\r\\n Ri uwach I\'x ri T\'zi</p>\\r\\n<ul> \\r\\n\n<li>ruk’ le nim uwach .</li> \\r\\n <li>uchaq’ab’</li> \\r\\n <li>are ri noj chomanik’</li> \\r\\n <li>maj k’uxeb’ tiq’</li> \\r\\n</ul>\\r\\n<p>\\r\\n <strong>Ri wach:</strong>\\r\\n</p>\\r\\n<ul> \\r\\n <li>ri izel winaq</li> \\r\\n <li>maj izet’ utz taq’</li> \\r\\n <li>are k’uya uwach le maj</li> \\r\\n <li>are utz k’uchomaj re le nim maj</li> \\r\\n</ul>\n', 'Nahual_7', '', 'Calendario_Cholquij\\Nahuales\\cholquij-iq.png'),
(8, 3, 'Aq\'ab\'al', '', 'Amanecer, aurora y mano', '<strong>Rech</strong> <p>   \\r\\nRi are utz che le sutz taq’ re le le yujub’ taq’ rech le nim maj   achob’anik’ik’ rech le nim winaq’ Ri q’ij k’amik’ che le nim aq’ab’ ri rech le   paq’ re le taq winaq’ taq’.r\\n </p> \\r\\n  <p>\\r\\n <strong>Rech.</strong>\\r\\n</p> \\r\\n <ul>   \\r\\n   <li>chomaj ri chomanik’</li>   \\r\\n   <li>ruk’ le b’e</li>   \\r\\n   <li>uwach le k’aslemal</li>   \\r\\n   <li>ri q’ij re utz b’e rech nim ojer winaq’</li>   \\r\\n </ul> \\r\\n <p>\\r\\n <strong>utz le winaq’</strong>\\r\\n</p> \\r\\n <ul>   \\r\\n   <li>are k’uya le nim k’exk’olik’</li>   \\r\\n   <li>utz le nim ja’</li>   \\r\\n   <li>moj utz taq’ le mag ulew</li>   \\r\\n   <li>are maj utz taq pa le rajil</li>   \\r\\n   <li>utz taq’ k’uya re le uwach ulew</li>   \\r\\n </ul> \\r\\n', 'Nahual_8', '', 'Calendario_Cholquij\\Nahuales\\cholquij-aqabal.png'),
(9, 4, 'K\'at', '', 'K’at are chupam uwach', '<strong>Rech</strong> <p>   \\r\\Are ri k¿otik’ chipam re le nim utz maj k’uya le nim q’q’ che nim k’aslemal   uwach ri k’at che le k’olik’ ri k’ar taq’ are uchuq’ab’ rech jun tinamit’ Ri   q’at rech le ajq’ij re le nim ajaw re le maj uztq’ re le chob’ik’ le nimajr\\n </p> \\r\\n  <p>\\r\\n <strong>Are k’uya kaslema rech le .</strong>\\r\\n</p> \\r\\n <ul>   \\r\\n   <li>utz uwach</li>   \\r\\n   <li>are kuya le imob’</li>   \\r\\n   <li>q’ij re le kuya le nim b’ixonik’</li>   \\r\\n   <li>utz winaq’</li>   \\r\\n   <li>are kya le maj che uzt/li> \\r\\n</li>    <li>are kuya le nim aj</li>   \\r\\n   <li>are izel wianq’</li>   \\r\\n   <li>are k’ub’ij chel taq’ chij</li>   \\r\\n   <li>are k’ub’ij chel taq’ chij</li>   \\r\\n   <li>are k’uya le chij</li>   \\r\\n   <li>are che le k’utya le nim uztaq’</li>   \\r\\n </ul> \\r\\n ', 'Nahual_9', '', 'Calendario_Cholquij\\Nahuales\\cholquij-kat.png'),
(10, 5, 'Kan', '', 'K’umatz’ che le uplumax', '<strong>Rech</strong> <p>   \\r\\Are kuya uwach che lke q’ij rech le uplumax che le nim awaj re le nim ab’aj   utz che le ik’ taq’ che le nim q’ij k’amik’i Are k’ubij che le mag uztaq’   K’uya le nim mag ustaq’ are che le uchuq’ab’ re le nim ajaw re mag tz’ij re le   ni ajaw iz’et riwal are ajaw rech le utnamit’ are k’uya iz’eltaq wianaq’ñr\\n </p> \\r\\n  <p>\\r\\n <strong>Rech.</strong>\\r\\n</p> \\r\\n <ul>   \\r\\n   <li>are k’uya le nim ez’ab’ech</li>   \\r\\n   <li>q’ij che le nim q’j</li>   \\r\\n   <li>maj utz taq’</li>   \\r\\n   <li>q’ij ri ajq’ij</li>   \\r\\n </ul> \\r\\n <p>\\r\\n <strong>N’oj re le aj</strong>\\r\\n</p> \\r\\n <ul>   \\r\\n   <li>ri che le nim q’ij</li>   \\r\\n   <li>ri uchawaq’</li>   \\r\\n   <li>ri le nim q’j rech</li>   \\r\\n   <li>q’ij</li>   \\r\\n   <li>are le nim</li>   \\r\\n   <li>ri le q’iq’</li>   \\r\\n </ul> \\r\\n ', 'Nahual_10', '', 'Calendario_Cholquij\\Nahuales\\cholquij-kan.png'),
(11, 6, 'Kame', '', 'Ixk’amuk’ ', '<strong>Rech</strong> <p>   \\r\\Ri ixk’aq’ Are k’amik’ le min rech aja ri wach ruk’k’ are k’exk’olik’ are   k’esmab’al rajil rech le k’asñlemal rech le min q’ij re le min q’ij nawal q’ij   che lke q’ij k’aslek’olik’ r\\n </p> \\r\\n  <p>\\r\\n <strong>Rech.</strong>\\r\\n</p> \\r\\n <ul>   \\r\\n   <li>q’ij re le nim q’ij</li>   \\r\\n   <li>q’ij re lke nim ulew</li>   \\r\\n   <li>che aj cheq’</li>   \\r\\n   <li>q’ij che ajmaq’</li>   \\r\\n </ul> \\r\\n <p>\\r\\n <strong>Tijax che i’x </strong>\\r\\n</p> \\r\\n <ul>   \\r\\n   <li>are k’uk’uk’ik</li>   \\r\\n   <li>are rech le nim q’ij</li>   \\r\\n   <li>rech nim q’ij</li>   \\r\\n   <li>uwaqch che le nim q’ij</li>   \\r\\n   <li>are le q’ij</li>   \\r\\n </ul> \\r\\n <p>\\r\\n <strong>Atre k’uya che le nim q’ij </strong>\\r\\n</p> \\r\\n <ul>   \\r\\n   <li>atre che le che q’ij</li>   \\r\\n   <li>che k’uxaq’</li>   \\r\\n   <li>xub’ix</li>   \\r\\n </ul> \\r\\n ', 'Nahual_11', '', 'Calendario_Cholquij\\Nahuales\\cholquij-kame.png'),
(12, 7, 'Kej', '', 'Mazat’', '<strong>Rech</strong> <p>   \\r\\n Ri nawal re le kej are chi ixoq’ xuquje re le ja’n Ri le mazat’che le   winaq’k’ajib’ q’ij ri le che uchuq’ab’ winaq’ winaq’ re le min winaq’   uchuq’ab’ q’ij rech le nim winaq¿ k’esk’olik’ rech le kej ajmayib’ re nim q’ij   rech ojer taq’ winaq’. r\\n </p> \\r\\n  <p>\\r\\n <strong>Rech</strong>\\r\\n</p> \\r\\n <ul>   <li>ri uxux che</li>   \\r\\n   <li>k’ajib’</li>   \\r\\n   <li>ri jolob’ re le uwach ulew</li>   \\r\\n   <li>kyej re le chej</li>   \\r\\n   <li>utz taq’ che le nim ij</li>   \\r\\n   <li>utzq’ ri rajil</li>   \\r\\n   <li>utz taq’ maj</li>   \\r\\n   <li>uchuq’ab’</li>   \\r\\n   <li>ri k’ulnem are</li>   \\r\\n   <li>ri che q’ij</li>   \\r\\n   <li>che le q’ij</li>   \\r\\n   <li>che ri winaq’</li>   \\r\\n   <li>ruk’</li>   \\r\\n </ul> \\r\\n ', 'Nahual_12', '', 'Calendario_Cholquij\\Nahuales\\cholquij-kej.png'),
(13, 8, 'Q\'anil', '', 'Ija’, ri imul ', '<strong>Rech</strong> <p>   \\r\\n Ri sib’alaj q’ij rech le nim q’ij wene ri maj le b’atz’ re tik’onik’ che   le wenaq’ ik’ are k’uya ija’ k’ajib’ ixim ri le q’ij maj re le nim q’ijñ r\\n </p> \\r\\n  <p>\\r\\n <strong>Nawal rech le nim q’ij</strong>\\r\\n</p> \\r\\n <ul>   <li>q’ij re che uwach</li>   \\r\\n   <li>ri watit’ k’aman</li>   \\r\\n   <li>ri utz</li>   \\r\\n </ul> \\r\\n ', 'Nahual_13', '', 'Calendario_Cholquij\\Nahuales\\cholquij-qanil.png'),
(14, 9, 'Toj', '', 'K’utuj che kle watit’ k’aman re le jo’', '<strong>Rech</strong> <p>   \\r\\n Ri che le nim q’ij che le q’ij k’amik’ che le uwach ulew rech le nim q’ij   utz taq’ ri q’ij k’amik’ che le Uj b’axinik’ che le nim q’ij chuchol re ab’aj   che le nim ik’ che le b’atz’ are k’esk’olik’. r\\n </p> \\r\\n  <p>\\r\\n <strong>Rech</strong>\\r\\n</p> \\r\\n <ul>   <li>Ri awaj rech le nim q¿’ij re ulew</li>   \\r\\n   <li>ria jaw re le nim ajaw</li>   \\r\\n   <li>rech le nim utz</li>   \\r\\n   <li>q’ij che le uwach ulew</li>   \\r\\n   <li>maj chob’anik’</li>   \\r\\n   <li>re le nim k’aslemal</li>   \\r\\n   <li>ri le che q’ij</li>   \\r\\n   <li>utz che le maj</li>   \\r\\n   <li>are kesk’olik</li>   \\r\\n </ul> \\r\\n ', 'Nahual_14', '', 'Calendario_Cholquij\\Nahuales\\cholquij-toj.png'),
(15, 10, 'Tz\'i\'', '', 'Tzi\'', '<strong>Rech</strong> <p>   \\r\\n Ri wach che le nim q’ij che uwach ulew che pa tz’ij re le pop wuj xuquje   siwaqn tinamit’ Re le nim aj che le batz’ uzt batz’ che le nim ij are k’uya   k’esk’olik’ r\\n </p> \\r\\n  <p>\\r\\n <strong>Re le tz’i uewach ulew</strong>\\r\\n</p> \\r\\n <ul>   <li>rech utat’</li>   \\r\\n   <li>taq’ b’aq’ rech</li>   \\r\\n   <li>maj utz taq’ che le utastaq’</li>   \\r\\n   <li>q’ij che q’ij</li>   \\r\\n   <li>are k’uya le uwach che</li>   <li>ri b’ach b’ixonik’</li>   <li>qij che le ulew</li>   <li>koy b’atz che le umaxinik’</li>   \\r\\n </ul> \\r\\n <p>\\r\\n <strong>Reche le q’ij k’imikj’</strong>\\r\\n</p> \\r\\n <ul>   <li>are k’uya le uwach che</li>   \\r\\n   <li>ri b’ach b’ixonik’</li>   \\r\\n   <li>qij che le ulew</li>   \\r\\n   <li>koy b’atz che le umaxinik’</li>   \\r\\n </ul> \\r\\n <p>   \\r\\n Are k’uxlel re le k¿ulnem re le b’atz’ che le nim aj ri q’j re le nim   uwach che le nim aj ri k’ajib’ re le wach ulew che le nim ajq’ij che le nim ri   b’atz ri k’uya lke wanima ree che le nim q’ij re le ik’ ajmayib’ re uewach   ulew le nim k’awaj kuya le nim choj le nim uwach che le nim q’ij paq’ r\\n </p> <p>\\r\\n <strong>Reche le q’ij k’imikj’</strong>\\r\\n</p> \\r\\n <ul>   <li>k’ulnem re uwach</li>   \\r\\n   <li>koy b’atz xuo’</li>   \\r\\n   <li>nawal rech le nim q’ij</li>   \\r\\n   <li>q’ij che le iq’</li>   \\r\\n   <li>ajmayib’ che le nim q’ij</li>   \\r\\n   <li>ri k’uya le nim wach che le tik’onik’</li>   \\r\\n   <li>are k’uya che b’atz</li>   \\r\\n   <li>rech maj utz</li>   \\r\\n   <li>are k’uya utz chel</li>   \\r\\n   <li>utz awach</li>   \\r\\n   <li>re le utz che le nim iq’</li>   \\r\\n   <li>are k’uya</li>   \\r\\n   <li>ri le k’uya maj</li>   \\r\\n </ul> \\r\\n ', 'Nahual_15', '', 'Calendario_Cholquij\\Nahuales\\cholquij-tzi.png'),
(16, 11, 'B\'atz\'', '', 'sak\'b\'anel', '<strong>Rech</strong> <p>   \\r\\n Rech tz\'ib\'aj ri q\'ij rech ri nim q\'ij sib\'alaj utz kle tyx ja\'n ri k\'uya   ri rajil rech. Ayuch rech ab\'anik\' k\'etob\'aq\'. Tz\'ib\'aj rech k\'o ri   ch\'akajab\'ob\' xak\' kitz\'ihirihab\'al, rech chi at uch\'el e k\'ik\'otik q\'ij. “Ri   utz winaq, rech ri ch\'ik ri chikasik\'umab\'ob\' chi q\'ij chiq\'ab\'al ri ri   ak\'abal ri kajol.” Rech k\'o ri k\'ab\'al pa xek\'ik\'ol k\'ax na\'. Xak\' k\'ajk\'ol   k\'ak\'awik ri winaq chikasik\'umab\' xkib\'anik ri jun xkab\' ri xa\' . Are jun k\'aj   k\'otz\'i\' ri akab\'al ri winaq, chi q\'ij B\'atz\' ri xk\'otz\'ij re ri chikoponik   xaqab\' rech yuqub\'aq\', are chi chikoponik chiq\'e\' xkib\'anik re k\'otz\'i\'. Winaq   k\'ajaw. Chi ak\'abal rech chikoponik are k\'ik\'olil ri winaq, ri maya k\'ab\'al   winaq chupam ri ak\'abal rech chikoponik ri chakaxik\'ij chi xkib\'ij chikoponik.   Are ak\'abal chi xkib\'ij ri chikoponik chikoponik. Are re tz\'akabal rech ulew   chikoponik re ri chakaxik\'ij. Chi winaq tz\'akabal Maya ri Wajxaqib’ B’atz’   chikoponik ri k\'otz\'i\' winaq chupam k\'ixlajun k\'et chikoponik ri k\'ab\'al.   Chikoponik B’atz’ rech xkib\'anik chikoponik chakaxik\'ij. Are chupam ri   tz\'akabal rech chi k\'otz\'i\' chi xkib\'ij winaq. r\\n </p> \\r\\n  <h2>Chiwilaj:</h2> <ul>   <li>Ajtz\'itaj, ajk\'uxlemal</li>   <li>Q\'atuk, q\'ijb\'anel</li>   <li>Chuwank\'anik, ch\'ikunab\'anel</li>   <li>Chi\'achajolik\' ri achij ri chik\', chi achi\'nin re ri achaq\'ukun</li>   <li>Utz kib\'al ri kajb\'ilik, chi utz kib\'al</li>   <li>Chik\'aslemal, chik\'uxlemal</li>   <li>Maestros ri k\'aslemal k\'ut, rech ri k\'aslemal k\'ut</li> </ul> <h2>K\'uchajxik\'uxlemal:</h2> <ul>   <li>Q\'atuk\'uxlemal, q\'ijb\'anel k\'uchajxik\'uxlemal</li>   <li>Wojtz\'ik\'inik, wojtz\'ik\'inik</li>   <li>Ch\'okik\'uxlemal, ch\'ikb\'anel ch\'okik\'uxlemal</li>   <li>     Chib\'ajolajolik\'uxlemal, chib\'ajolajolik\'uxlemal, ch\'ikb\'anel     chib\'ajolajolik\'uxlemal   </li>   <li>Chibalajolajolik\'uxlemal, chibalajolajolik\'uxlemal, chi\'och\'iqik</li>   <li>Achi\'pachoj, achi\'pachoj</li>   <li>Chi\'ajk\'uchajxik\'uxlemal, chi\'ikb\'anel chi\'ajk\'uchajxik\'uxlemal</li> </ul> \\r\\n ', 'Nahual_16', '', 'Calendario_Cholquij\\Nahuales\\cholquij-batz.png'),
(17, 12, 'E\'', '', 'B’e weyaq’', '<strong>Rech</strong> <p>   \\r\\n Are k’uya le nim chak’ab’ rech le nim q’ij rech le q’ij k’imik’are k’uiya   kaslemal re le nim q’ij kimik’ k’uya le nim che q’ij re le nim q’ij utz che le   nim q’ij rech ulew molñ Re k’uya k’ilbej jujun che le nim winaq’ chomanik’ che   le nim q’ij wuj che le nim uztq’ che le wuj che le nim q’ij che utz b’atz che   le nim ik’ che le nim re le ik’ che le nim q’ij che le nim aj che le nim uwach   k’exilb’ik’ che le nim q’ij k’amik’. r\\n </p> \\r\\n  <ul>   <li>k’uya urxach</li>   \\r\\n   <li>q’ij che nim q’ij</li>   \\r\\n   <li>q’ij che le nim ajq¿ij</li>   \\r\\n   <li>q’ij che le nim aj</li>   \\r\\n   <li>utz winaq’</li>   \\r\\n   <li>k\'amalb’e</li>   \\r\\n   <li>are k’uya le nim uwach</li>   \\r\\n   <li>awach che le nim q’ij</li>   \\r\\n   <li>ri ajmach</li>   \\r\\n </ul> \\r\\n ', 'Nahual_17', '', 'Calendario_Cholquij\\Nahuales\\cholquij-e.png'),
(18, 13, 'Aj', '', 'Ri pichan', '<strong>Rech</strong> <p>   \\r\\n Ri k’uya re wach che le pichan re le q’ij ixb’alanq’ij rech el nim q’ij   che le q’ij jun ajpu che wianq’ che le jujn che le nim are ru wachab’al che le   nim q’j ruk’ le che xuquje re le nim q’ij uwach che le nim wach k’uyas le   uwach uelew ri ub’b’axik’. le wach axalik’ re le wach le nim q’ij waxaq’ib’ ix   che le q’ij aj re le nim q’ij awachn r\\n </p> \\r\\n  <ul>   <li>ri le wach le b’atz’</li>   \\r\\n   <li>pisanik’ che le nimk ajaw</li>   \\r\\n   <li>nawal rech le che</li>   \\r\\n   <li>k’amalb’e</li>   \\r\\n   <li>are ri chob’anik’</li>   \\r\\n   <li>ri chob’aj che le nim q’ij</li>   \\r\\n   <li>rech ri q’ij k’imik’</li>   \\r\\n   <li>chak’unik</li>   \\r\\n   <li>utz utz k’exlenik’</li>   \\r\\n   <li>ri le kux</li>   \\r\\n   <li>ruk’ che le nim</li>   \\r\\n   <li>ri chab’ le nim</li>   \\r\\n   <li>are kexlenik’</li>   \\r\\n   <li>k’utij masis</li>   \\r\\n   <li>b’isonik’ k’ik’i\'otit’</li>   \\r\\n </ul> \\r\\n ', 'Nahual_18', '', 'Calendario_Cholquij\\Nahuales\\cholquij-aj.png'),
(19, 14, 'I\'x', '', 'Ez’enem', '<strong>Rech</strong> <p>   \\r\\n Are k’uya le kasmal kuya k’ajib’ uwach che le nim w’ij ruk ria jaw re nim   tik’onik’ ruk’ le nim q’ij che le nim q’ik’ kuya rex uwach che le nim nim mexa   re le nim q’ij che le q’ij k’imik’ che le q’aq’ r\\n </p> \\r\\n  <h2>Re le uwach ulew re nim q’ij:</h2> <ul>   <li>ri k’uya le ochob’enik’</li> </ul> <h2>Inxach le nim q’ij</h2> <ul>   <li>are kuya kaslemal che awaj re le nim q’ij</li>   \\r\\n   <li>q’ij che le nim q’ij</li>   \\r\\n   <li>tik’onik’ che le ajaw</li>   \\r\\n   <li>Are k’uxb’enik’</li>   \\r\\n   <li>Are k’uya che le nim q’ij</li>   \\r\\n   <li>Are tat’ re alaxaik’ik’</li>   \\r\\n   <li>are che k’amalb’e are uchuq’ab’.</li>   \\r\\n </ul> \\r\\n ', 'Nahual_19', '', 'Calendario_Cholquij\\Nahuales\\cholquij-ix.png');



--
-- Table structure for table `unil`
--

CREATE TABLE `unil` (
  `idweb` int(11) NOT NULL,
  `nombre` varchar(50) NOT NULL,
  `significado` varchar(100) NOT NULL,
  `dias` int(11) DEFAULT NULL,
  `htmlCodigo` mediumtext DEFAULT NULL,
  `categoria` varchar(100) NOT NULL,
  `iddesk` int(11) DEFAULT NULL,
  `ruta` varchar(100) DEFAULT NULL
) ENGINE=InnoDB DEFAULT CHARSET=utf8mb4 COLLATE=utf8mb4_general_ci;

--
-- Dumping data for table `unil`
--

INSERT INTO `unil` (`idweb`, `nombre`, `significado`, `dias`, `htmlCodigo`, `categoria`, `iddesk`, `ruta`) VALUES
(0, 'Wayeb\'', 'Ri q’ij taq ri abortaq’ k’e chomanik’ maltyox y ri awaj.', 5, '<p>Ri k’oponaq’ ri jo’b’ maj k’o b’iaj ajmayib’ rech k’eb’atinik’ pa ri k’echak’ xuquje re nojel ri jab’al.</p>', 'Uinal_0', 18, 'Calendario_Haab\\Uinal\\haab-wayeb.png'),
(1, 'Pop', 'Mat ri pop ', 20, '<p>are k’o’  k’ojiq’ pa le k’ulnem rech tinamit’ are ri ik’ rech k’ak’ tzij le nim q’ij rech tinamit’ ri k’ekojik’ ri plato’ taq, achiaq’ ri wachcoch ri kab’lajuj q’ij maj k’itik’ taq’ atz’am rech k’ewarik’ are sib’alaj maj uztaq’ ri pare k’eb’ij maj uataq ri pare k’uk’oj chipan re jun tu’y ri q’q rech utz,.</p>', 'Uinal_1', 0, 'Calendario_Haab\\Uinal\\haab-pop.png'),
(2, 'Woo', 'Ixpaq’, q’eq’ ', 20, '<p>Ri chipan le q’ij ri choxol re ajq’ij le ajq’ij k’echomaj ri itzamna rech jan ri ixoq’ ri che re tz’b’ab’al ri k’olb’olb’ bej.</p>', 'Uinal_2', 1, 'Calendario_Haab\\Uinal\\haab-woo.png'),
(3, 'Zip', 'K’ye rech', 20, '<p>Ri choan re q’ij taq’ wonojel ri pari k’emulixik’ik’ chipan ruk le tyox taq’ ri ixchel k’utat’ ria jaw rech ajk’un ri wach le maj k’ebexowaq’ ri chak’u’ki’ noj wuj k’xajowik’ chipam le nim awaj rech le awaj ri chawaq’ rech ri jolomaj re le nim xajowik’ rech le maj ek’ ri waq’ rech le nim awach le q’i8j re le nim ja’ ri ja’ran rech tyaq’ k’ar’ rech ri chopanik’ ri q’ij ri abkanexoi, abpua, xuquje ahcitzamalcun,</p>', 'Uinal_3', 2, 'Calendario_Haab\\Uinal\\haab-zip.png'),
(4, 'Sotz\'', 'rech', 20, '<p>Chipan le q’ij ri k’echopanik’ le nim q’ij rech jujunal re le uwach paj,</p>', 'Uinal_4', 3, 'Calendario_Haab\\Uinal\\haab-sotz.png'),
(5, 'Tzek', 'Ri che taq’j, ri iz’et', 20, '<p>Ri le q’ij are k’echojiq’ le uk’ik’el che le bacabs,  ri ajamtib’ rech hotnil, ajmayib’ rech che taq’ ri sipaq ri uwal che sib’alaj nim.</p>', 'Uinal_5', 4, 'Calendario_Haab\\Uinal\\haab-tzek.png'),
(6, 'Xul', 'Tz’i, b’ixonik’ che le much', 20, '<p>Chipan le q’ij ri kukucan rech ajmayib’ rech masis pop ri sib’alaj winaq’ nacom re ik’ rech tyo ja are ub’I holkanakot, rech tz’I ri ipexixik’ ri tuy taq’ rech ri maj tik’onik’ ri wachch re le nim mayapan rech tz’b’ tz’ij rech le maj oxib’ tyox ja’ uk’ux k’aj uk’ux ulew k’ub’an ri uwach ulew ri rajilk,chik’ab’an,</p>', 'Uinal_6', 5, 'Calendario_Haab\\Uinal\\haab-xul.png'),
(7, 'Yaxk\'in', 'Nab’e q’ij rex upam, rech uwah ija’ jun q’ij k’imik.', 20, '<p>Are che jun ik’ le ri comach re nim ja’n olob zab –kamb’ach ri wonoijel ri ixb’ixonik’ ri tinamit’ ri k’echopanik’ ri uwach q’ij rech le mol.</p>', 'Uinal_7', 6, 'Calendario_Haab\\Uinal\\haab-yaxkin.png'),
(8, 'Mol', 'Ri ik’ rech job’ ri ja’ ri ', 20, '<p>chipan le ik’ ri ri k’etaq’ che le ajaw rech le nim ajaw rech sib’0alaj utz re uwach che re le nim tyox re le nim ajaw rech le b’olaj ri masis le uq’il rech le ixk’in.</p>', 'Uinal_8', 7, 'Calendario_Haab\\Uinal\\haab-mol.png'),
(9, 'Ch\'en', 'Job’ q’eq rech k’a ', 20, '<p>Ri chipam le ik’ ri chipan le nim q’ij k’echomanik’ le tyox taq’ rech masis ri ajmayib’ rech k’onojel ri t’uy taq’ ri ik’ taq’ rib ach re b’j taq’.</p>', 'Uinal_9', 8, 'Calendario_Haab\\Uinal\\haab-chen.png'),
(10, 'Yax', 'Rech, jar’an', 20, '<p>Ri chipan ri ik’ ri tyox ri ajmayib’ rech nitz’ taq’ tuy rech upam le uwach ulew ri wach,</p>', 'Uinal_10', 9, 'Calendario_Haab\\Uinal\\haab-yax.png'),
(11, 'Sak', 'Saq’, job’', 20, '<p>Ri pare taq chuch le k’aslemal rech ajq’ij k’echob’aj ri ajmyib’ ri k’ik’el che le tyox taq’ ri plaj re uq’ik’el rech le nim wanima rech taqw’.</p>', 'Uinal_11', 10, 'Calendario_Haab\\Uinal\\haab-sak.png'),
(12, 'Keh', 'rex mazat\'', 20, '<p>Ri pa q’ij ri nim q’ij sib’alaj utz kle tyx ja’n ri k’uya ri rajil rech. Ayuch rech ab’anik’ k’etob’aq’.</p>', 'Uinal_12', 11, 'Calendario_Haab\\Uinal\\haab-keh.png'),
(13, 'Mak', 'K’at’, rech, pech.', 20, '<p>Ri winaq’ rech ajq’ij re tupp kak k’insaj ri q’aq’ xuquje ri nim q’aq’ ri ja’n ri k’aman tyox ja’ rech ri pare.</p>\n', 'Uinal_13', 12, 'Calendario_Haab\\Uinal\\haab-mak.png'),
(14, 'K\'ank\'in', 'Q’ij q’an', 20, '<p>Ri pa le ik’ ri maj taq’ ri ri ik’ taq ri ajmayib’ che b’inik kur le ik’.a</p>', 'Uinal_14', 13, 'Calendario_Haab\\Uinal\\haab-sak.png'),
(15, 'Muwan', 'Ri chipam le nim q’ij k’eb’an taq’ winaq’ ri q’aq ri tuk’ur’', 20, '<p>Ri chipam ri chopanik’ le nim  tzij rech ri chaxob’ib’ ri maq’ ri ajmayib’ rech le nim rajil ri wa’.</p>', 'Uinal_15', 14, 'Calendario_Haab\\Uinal\\haab-keh.png'),
(16, 'Pax', 'Ri uwach re tik’onik’ ri b’ixonik’ ri ik’ ri le ajq’ij k’e chab’anik che le pacum chach ', 20, '<p>Xuquje rech le nim ulew rech le nim q’ij re le mzat’ re le iz’tzl q’ij rech molul chopmanik’ rech ajq’ij rech masis iz’et¿l taq’ winaq’ reche le nim paja’ ri ajq’ij re k’eb’toxik’ che ri tinamit’.</p>', 'Uinal_16', 15, 'Calendario_Haab\\Uinal\\haab-pax.png'),
(17, 'K\'ayab\'', 'Toq’, nim ajaq’', 20, '<p>Ri maj rech ik taq’ rech tinamit’ rech ri chak’unik’ pa le nim ri rajil rech uayeb’, rech ik’ jpb’ q’ij netsat.Ixim maq’ ri, toja’l wach ja’ ri chaq’ab’ ri ik’ taq’ kayab’ y kumba rech tinamit’ are ri rajil k’echob’axich che le wach re maj rech job’ q’ij tz’ab’.</p>', 'Uinal_17', 16, 'Calendario_Haab\\Uinal\\haab-kayab.png'),
(18, 'K\'umk\'u\'', 'Xa\' jun kukurich, tukul, xikopan.', 20, '<p>Kayab y Kumku ruwi\' taqomel achij tzijonik\' loq\'o\' pa ri tinamit ri ulew, xkib\'aj wi\' ri k\'ayabilthan, xkib\'aj chawe\' ri ruwi\' xuquje winaq\' rech k\'ut le kiwi\', jun ojor xub\'an jun k\'umal, jun tzij no\'jel pa ri q\'ab\'älil kaq kik\'</p>', 'Uinal_18', 17, 'Calendario_Haab\\Uinal\\haab-kumku.png');

-- --------------------------------------------------------
--nueva categoria

INSERT INTO `categoria` (`nombre`) VALUES
('Mesoamerica');

alter table pagina 
add column idioma varchar(100);

alter table  pagina
add column seccionOtroIdioma varchar(400);

update pagina set idioma = 'espaniol';
-- valores que no estan 
update pagina set seccionOtroIdioma = 'K\'utu\'nb\'al' where seccion = 'Informacion';
update pagina set seccionOtroIdioma =  'ch\'ob\'ojel' where seccion = 'Elementos';

-- para la pagina mesoamericana espaniol
INSERT INTO `pagina` (`orden`, `nombre`, `categoria`, `seccion`, `htmlCodigo`, `idioma`, `seccionOtroIdioma`) VALUES
(0, 'Ajb\'inal', 'Calendario Cholquij', 'Informacion', '<p>Le cholq’ij recch ajmayib’ rech masis \n    <li>chol. Ri ubexik’</li> \n    <li> q’ij ri q’ij</li>\nRi cholq’j ri ajmayib’ rech oxlaj k’alre q’ij rech oxlajuj xuquje re nim cholq’ij maj ri k’eb’lajuj ri k’eb’ oxlajuj ri keb’ ri maj ri jun oxlajuj \nRi cholq’ij ri watit’ kaman ri k’aqtaq ri nim ojer winaq ri chomanik’ rech le nim q’ij rech le pam winaq’ rech paq’ nawal rech ri ajtijab’ ri wajxalajujri cholq’ij ab’ ri maj ri uwach ulew ri q’aq’ ixoq’.\nRi cholpaq’ ri cholq’ij ri maj rech uchoq’ab’ rech ik’ rech ri nojel ri b’aq’il ri ixoq’ ri winaq’ rech winaq’.\nJujun ke rajalanik’ ri chol q’ij ri ajayayib’ k’iche’ ruk’ ri waxaq’ik’ b’atz, waxajib’ batz’ ruk’ masis ri oxlaj k’al ri chpam le cholq’ij chipam ri kemajwaxaq’ib’ ri nojel q’ij ri cholq’ij ojer cholq’ij ri cholq’ij k’epaxanik’ jun mox ri ri masi k’ak le rech axlajk’al re q’ij xuquje rech maj rech /oxlajuj+juwinaq’ xuquje re le mayab’ ajilab’al rech lajuj –jun winaq’ri maj rech ri wasimajri chak re nim uk’il uwachre le k’aslemal rech k’eb’ b’elejeb’ ri cholq’ij julajk’aloxlajuj rech julajuj che jun winaq’ rech jolib’al rech ajmatyib’ rech rech jun winaq’ jun winaq’ rech q’ab’aj rech maj ri keb’oxlajuj pa kawinaq’ waq’b’xuquje julaj k’al kajlajuj.</p>', 'kiche', 'K\'utu\'nb\'al'),
(1, 'AnimacionOtro', 'Rueda Calendarica', 'Informacion', '<img class=\"rueda\" src=\"..\\imgs\\cuentaLarga.png\" >', 'kiche', 'K\'utu\'nb\'al'),
(2, 'EnergiaKiche', 'Calendario Cholquij', 'Elementos', '<p>\n  \r\n Ri chol q’ij are uchuq’ab’ rech jun q’ij pa le kab’lajujik rumal\n  k’aslemal nim, are uwach. r\n\n</p>\n\r\n\n\n<h2>Re le uwach ulew re nim q’ij:</h2>\n<ul>\n  <li>Ri kab’lajuj uchuq’ab’ rech k’aslemal</li>\n  <li>Ri kab’lajuj re jun winaq’ q¿ij rech jun njunab’rech chol q’ij.</li>\n</ul>\n<p>\n  Ri kab’lajuj q’ij are k’ichomaj ri jolom rech chomanik ajamyib’ are uchuq’ab’\n  rech ri nawal are k’uya uwach ri ri noj uwach ri winaq’.\n</p>\n', 'kiche', 'ch\'ob\'ojel'),
(1, 'K\'oje\' k\'oje\' chij', 'Mesoamerica', 'Informacion', '<p>Le Cholq\'ij taq maya ch\'aj le Cholq\'ij taq mexica k\'olik jun pa che\' k\'utunem taq che\' pa Mesoamérica. Ta kojlebal ruk\'uj jun k\'oje\' junal b\'e le xib\'al q\'ij taq che\' junab\'ix saqob\'al, ch\'aqa\' kan qaab\'al taq che\' re q\'utunemal.</p><div class=\"container\">\n    <div id=\"tabla\">\n        <table class=\"table table-dark table-striped\">\n            <thead>\n                <tr>\n                    <th scope=\"col\">K’alendario Maya</th>\n                    <th scope=\"col\">K’alendario Mexica</th>\n                </tr>\n            </thead>\n            <tbody>\n                <tr>\n                    <td> Ri k’alendario Maya k’o wi jun uk’uj ri tz’ij: ri Uk’exib’äl ch’ab’äl xane ri Tzolk’in.\n                        Ri Uk’exib’äl ch’ab’äl, chik xkib’ij, jun tzij k’o wi jun chi k’exik b’an chi keje junab’ k’a pa q’ij chi ch’ab’äl, che ri xoqatz’ib’ chi 11 ri winaq’ pa ri aq’b’äl 3114 winaq’.\n                        Ri Tzolk’in jun q’ij chi ruwi 260 q’ij xa ri kaib’ chi b’anoj ri 20 kaq’ij rech ri q’ij xe ri 13 junab’.\n                        Chi jun q’ij k’o jun b’anoj ri kab’an ri junab’, xe chub’anik chi 260 q’ij.</td>\n                    <td> Ri k’alendario Mexica k’o wi jun uk’uj ri tz’ij: ri Xiuhpohualli xane ri Tonalpohualli.\n                        Ri Xiuhpohualli jun q’ij chi ruwi 365 q’ij ch’ab’äl chi 18 u k’atun pa 20 q’ij xe 5 q’ij ch’ab’äl ri nemontemi.\n                        Chi jun k’atun k’o jun b’anoj xe ch’ab’äl chi jun wachib’äl rech ri ch’ab’äl k’aslem.\n                        Ri Tonalpohualli jun q’ij chi ruwi 260 q’ij xa ri kaib’ chi b’anoj ri 20 wachib’äl xe ri 13 junab’.\n                        Chi jun q’ij k’o jun b’anoj ri wachib’äl ri junab’, xe chub’anik chi 260 q’ij.</td>\n                </tr>\n            </tbody>\n        </table>\n    </div>\n</div><p>Xchi ri winaq’, che\' ja\' nim raqan, k\'ut k\'aslem, la jun xk\'utu\' k’alendario Maya ri k’alendario Mexica k’o wi jun chike\' le k’utu’l ri k’alendario Maya k’o chike\'le, ronoj le k’alendario Mexica k’o wi jun chike\' le k’utu’l.\n\nRi k’alendario Maya k’o wi ronoj le ch’utuj utz k\'ut uch’ux ri chi b’anoj ri q’ij k’o junab’ pa ruwi, k’ut k\'aslem ri k’alendario Mexica k’o wi junab’ ch’ab’äl chi jun keje taq chik xk\'utu\' le q\'ij, ja\' pa jun q\'ij xiweq’aj ch\'utuj le wi q\'ij xuwe.\n\nUtz chike\'le ronoj chik le k’alendario Maya chike’l jun utz q’ij xuweq’aj utz chik k\'aslem, ronoj la k’alendario mexica, xa utz chike\'le k\'uq\'k\'uxi\'kab\' utz k\'ut uch’ux ri chik, k\'ut chike\' utz ri chi xuweq’aj rech ri q’ij xa ja\' ri q’ij.\n\nXa\' uq’ij chike\' ri ri k’alendario Maya, xa ri tz’aqolb’al le winaq’ ri q’ij chi wok’ chi ri xa ri tz’aqolb’al le winaq’ ri q’ij chi k\'ot ri xk\'olb\'al q’ij xk\'utu\'lej chik ri tz\'aqolb’al, xchi uq’ij chike’ ri k’alendario Mexica xa ri tz’aqolb’al le winaq’ ri q’ij chi k’ot ri xk\'olb\'al q’ij chike\'le, xchike\'la uq’ij le xk\'olb\'al q’ij chi ri tz\'aqolb\'al, xchike’l uq’ij le winaq’ ri q’ij chi q’ij.\n</p>', 'kiche', 'K\'utu\'nb\'al'),
(1, 'k\'utal', 'Rueda Calendarica', 'Informacion', '<h2>K\'utal</h2>\n<p>U Rueda tzij re Calendario, utz k\'inaq\' 52 winalab\' re winaq\', ruk\' utz k\'inaq\' k\'ut.</p>\n<p>Jun b\'e\' ri winaq\' ronojel k\'inaq\' rueda calendárica, 8 Cauac 13 Zip, ruk\' ajil k\'inaq\' och b\'antajij k\'a trecena Cauac ri Tzolkin, k\'u xuquje ri k\'inaq\' 13 Zip ri Haab.</p>\n<p>U k\'utal k\'ot ri k\'inaq\' 52 winalab\' re 365 k\'u ri k\'inaq\' 52 winalab\' re 360 k\'u, k\'ot 260 k\'u utz; chik k\'u taj y-al ri chik winaq\' ri tzikinab\'äl k\'ot 260 k\'u, chik</p>\n<ul>\n<li>18 980 = 73 x 260</li>\n<li>18 720 = 72 x 260</li>\n<li>5 256 = 72 x 73 = 9 x 584.</li>\n</ul>\n<p>Ri chik ojer k\'u taj y-al chik 13 x 360 = 18 x 260 = 4 680.</p>\n<p>Utz, chik re ajk\'at\'a chik ri 5 winalab\' Uayeb\' chirachinaq\', xk\'oyb\'äl utz k\'u 13 xewaj re xk\'ut, (chik taj uk\'otaj chik k\'u re utz taj k\'utalab\' re 360 k\'u).</p>\n<p>Wan xk\'otaj, utz xk\'utalab\' re 52 xewaj chirachinaq\' chirachinaq\' taj 5 k\'otaj añoxib\' ri Wayeb\', chik ri 1 xewaj taj ulew k\'utalab\' re 260 k\'u.</p>\n<p>U rueda calendárica, chi k\'utal u kawinaq\' taq utzik\' chik k\'inaq\' re 52 winalab\'. Chi ronojel u tz\'ib\' re chik k\'inaq\' re winaq\' mayensej, xk\'ut chik ri nawalil náhuatl utz ronojel re mexica, \"Xiuhnelpilli\", taj k\'u\'k\'awal ri chi k\'utalab\' ronojel re añoxib\'.</p>\n<p>Chik k\'utalab\' re 52 winalab\', xk\'otaj chi k\'utalab\' re ajmayib\'. Chik ronojel u winaq\' re mexica, chirachinaq\' ri \"ronojel ri wajxal\" chirachinaq\'.</p>', 'kiche', 'K\'utu\'nb\'al'),
(1, 'Kins', 'Calendario Haab', 'Elementos', '<p>Ri tz’ib’aj ri nim taq winaq’ are umal k’onojel kawilo jas mo uwachri uwachrech’’glif’’’ are k’ub’antajij ruk jun tz’ij. ‘¿k’uya ruk’ jun ajmob’´¿ ruk. Ri glif’ are k’uya k’j b’antajij jun tz’ij ‘’ruk’ ri morfem’’ ruk’ ri uxol q’ij rech jun k’eb’ tz’ij.</p>', 'kiche', 'ch\'ob\'ojel'),
(1, 'Nawal', 'Calendario Cholquij', 'Elementos', '<p>Are k’eb’ uwach le b’iaj rech nagual xuquje k’ukub’ik’ rech le k’ib’antajij ri masis ri wach le noj wuj rech awaj ri winaq’ rech ri k’eb’ rech awaj rech nim. Ruk’ ri chab’anik’ le tinamit’ winaq’ rech aq’ij ruk’ le nim k’iwanik uwach ulew ri b’x ri ojer taq’ winaq’ ruk’ le ri waniq’ ri paq’. Rech le nim ajamayib’ jujun re le nim awaj rech jun wach ulew re le ajaw rech le xuquje re loe nim  ajaw re k’amalb’e ri chab’anik’  < /p>conoce los nahuales:</h2>\r\n<figure class=\"easyimage easyimage-full\"><img alt=\"\" src=\"../img/DiasMayas.png\"/>  <figcaption></figcaption>  </figure> ', 'kiche', 'ch\'ob\'ojel'),
(0, 'Relacion Mesoamericana', 'Mesoamerica', 'Informacion', '<p>El Calendario Maya y el Calendario Mexica son dos sistemas de medición del tiempo que se desarrollaron en Mesoamérica. Ambos se basan en ciclos astronómicos y matemáticos, pero tienen diferencias importantes en su estructura y funcionamiento.</p>    <div class=\"container\">\n        <div id=\"tabla\">\n            <table class=\"table table-dark table-striped\">\n                <thead>\n                    <tr>\n                        <th scope=\"col\">Calendario Maya</th>\n                        <th scope=\"col\"> Calendario Mexica</th>\n                    </tr>\n                </thead>\n                <tbody>\n                    <tr>\n                        <td> El Calendario Maya se compone de dos cuentas principales: la Cuenta larga y el Tzolkin.\n                            La Cuenta larga, como ya lo vimos, es una serie de números que indican la cantidad de días\n                            transcurridos desde un\n                            punto de inicio fijo, que se estima que corresponde al 11 de agosto del año 3114 A.N.E.\n                            El Tzolkin es un ciclo de 260 días formado por la combinación de 20 nombres de días y 13\n                            números. Cada día tiene un\n                            nombre y un número únicos, y se repite cada 260 días.</td>\n                        <td> El Calendario Mexica se compone de dos cuentas principales: el\n                            Xiuhpohualli y el Tonalpohualli.\n                            El Xiuhpohualli es un ciclo de 365 días dividido en 18 meses de 20 días cada uno, más cinco\n                            días adicionales\n                            llamados nemontemi.\n                            Cada mes tiene un nombre y está asociado a una festividad religiosa.\n                            El Tonalpohualli es un ciclo de 260 días formado por la combinación de 20 signos y 13\n                            números. Cada día tiene un\n                            signo y un número únicos, y se repite cada 260 días.</td>\n                    </tr>\n                </tbody>\n            </table>\n        </div>\n    </div><p>Como puedes ver, son muy similares, pero la principal diferencia entre el Calendario Maya y el Calendario Mexica es que el primero es lineal y el segundo es circular.\n\nEl Calendario Maya registra el tiempo desde un origen hasta un final, mientras que el Calendario Mexica representa el tiempo como una sucesión de ciclos que se renuevan constantemente.\n\nOtra diferencia es que el Calendario Maya tiene una mayor precisión astronómica que el calendario mexica, ya que incorpora ajustes para sincronizar los ciclos solares y lunares.\n\nPor último, una diferencia cultural es que el Calendario Maya refleja la cosmovisión de los antiguos Mayas, que concebían el tiempo como una manifestación del orden divino, mientras que el Calendario Mexica refleja la cosmovisión de los mexicas, que concebían el tiempo como una fuerza dinámica y conflictiva.</p>', 'espaniol', 'K\'utu\'nb\'al'),
(0, 'Uchik\'ab\'ik\'', 'Calendario Cholquij', 'Informacion', '<h2>Uchik\'ab\'ik\'</h2>Jujun ke rajalanik’ ri chol q’ij ri ajayayib’ k’iche’ ruk’ ri waxaq’ik’ b’atz, waxajib’ batz’ ruk’ masis ri oxlaj k’al ri chpam le cholq’ij chipam ri kemajwaxaq’ib’ ri nojel q’ij ri cholq’ij ojer cholq’ij ri cholq’ij k’epaxanik’ jun mox ri ri masi k’ak le rech axlajk’al re q’ij xuquje rech maj rech /oxlajuj+juwinaq’ xuquje re le mayab’ ajilab’al rech lajuj –jun winaq’ri maj rech ri wasimajri chak re nim uk’il uwachre le k’aslemal rech k’eb’ b’elejeb’ ri cholq’ij julajk’aloxlajuj rech julajuj che jun winaq’ rech jolib’al rech ajmatyib’ rech rech jun winaq’ jun winaq’ rech q’ab’aj rech maj ri keb’oxlajuj pa kawinaq’ waq’b’xuquje julaj k’al kajlajuj.</p>\n', 'kiche', 'K\'utu\'nb\'al'),
(2, 'unil', 'Calendario Haab', 'Elementos', '<p> Ri unilb’a kwilo ruk rech taq ik’ taq’ re jun juwinaq q’ij, ruk’ re le uxol q’ij k’ab’lajuj jujun rech cholq’ij hab’ mayeb’ jujun wajxalajuj utz k’axlajenik’ raq’ lexik’ ri nojel q’ij. </p>', 'kiche', 'ch\'ob\'ojel'),
(3, 'Uyeb', 'Calendario Haab', 'Elementos', '<p>Pa ri ojer q’ij rech chol q’ij hab’ ri are ri ik’ b’elejeb’ ub’i uyeb’ are ri q’ij sib’alj utz k’ujjilb’ik’ pa le wachch.</p>', 'kiche', 'ch\'ob\'ojel'),
(0, 'Wuj tz’ij', 'Calendario Haab', 'Informacion', '<p>Ri chol q’ij q’ij rech ajmayib’ ub’i hab’, are ri uchuq’ab’ rech wajxaqlajk’al job’ xuquje ixpetik’ ri cholq’ij ija’ re ajamayib’ ri nim taq winaq’ rech nim ja’.\nRi tz’ij ‘’ hab’ ‘’ ari re ik’ rech pa q’atz’ij rech yucatek’.\nEl hab’ are k’uj b’antajij rech wajxalujuj xuquje juwinaq’ re ik’ jujun are job’ ik. Rech ik’ juweinaq’ ri q’ij taq are k’ewetamaj ruk le ub’i unilare k’o ri ub’i nojel taq wajib’al rech wajxaqlajk’al.\nRi maj ik’ are k’ub’an rech job’ ub’i are wayeb’, b’ejlajuj are k’ub’an re ik\nWaqxaljuj + ju winaq’ +--wajxaqlajuk’al job’.\nRi min taq winaq’ xuquje ri wajxalijak’ ajmayib’ are xu ya che le winaq re wa’ ruk’ ri ija’ rech ulew xuquje ri k’inaq’ k’onojel taq’ rech wa’ re rech ajk’amalb’e re tinamit’.\nLe cholq’ij, ri taq’ nim winaq’ are ri k’ub’an ri chuxol ri nim q’ij rech juq’o’ wuqk’al lajuj exk’ori are xu k’aslemal ruk’ le tz’ik’in rech jujun ik’sib’alaj nimrech kawinaq’ k’ab’lajuj ik’ ri cholq’ij rech nim taq’ winaq’ taq rech rech waq’ij rech mesoa mesoamerik’,.\nK’ab’tajij.\nRi chol q’ij hab’ k’jtab’ij rech nim ik’ tak xuquje re urilik’ ri ik’ taj\n*xulb’ij ik’\n* ri ik’ rech q’ij\nXuquje k’ajtajib’ che le k’ak’ tz’ij rech taq’ nim ajk’amalb’e tinamit’, are ri uk’ab’ q’ij kub’antajik’ ri ajq’ij ri q’aq’ rech rui watit’ kamam ch ri ajw che le nim tikonik’ are ri jun pa k’il uwach rechri ik’.\nJe’lik’ ajtik’\nRi nim q’ij k’il pa le uwach ukew ri sib’alaj ik’ pa nim chaq’ab’ k’uril taq’ pa le uwach ulew rech wajxalajujk’al kajib’ q’ij =wajxalajujk’al kajib’. Chi oxlajuj  chi junil waq’ib’ q’ij *, re ri k’ajb’tik’ ri wuj tz’ib’exik’ ri junpa ri uwach k’uxa le jujun wach chuch le wuj.+\nRi ojer taq winaq ajmayib’k’i chomaj jas mo uwach uwach q’ij jujun q’ijk’ajib’ rech oxlajuj xuquje kawinaq’ k’ab’lajuj ik.\nKuj kwilo k’uj chomaj rech le chol q’ij hab’ xuquje k’olik jun mach jun q’ij rech waxak’ib’b’elejeb’ ik’. </p>', 'kiche', 'K\'utu\'nb\'al');



---creacion de nuevas tablas para lo de kiche 

--kins


--
-- Restricciones para tablas volcadas
--

ALTER TABLE `cruzMaya`
  ADD PRIMARY KEY (`identificador`),
  ADD KEY `nahual` (`nahual`);

--
-- Indexes for table `cruzMayaEspecifica`
--
ALTER TABLE `cruzMayaEspecifica`
  ADD PRIMARY KEY (`identificador`),
  ADD KEY `nahual` (`nahual`),
  ADD KEY `id_nahual_concepcion` (`id_nahual_concepcion`),
  ADD KEY `id_nahual_destino` (`id_nahual_destino`),
  ADD KEY `id_nahual_izquierda` (`id_nahual_izquierda`),
  ADD KEY `id_nahual_derecha` (`id_nahual_derecha`);

--
-- Filtros para la tabla `energia`
--
ALTER TABLE `energia`
  ADD CONSTRAINT `fk_energia_categoria1` FOREIGN KEY (`categoria`) REFERENCES `categoria` (`nombre`);

--
-- Filtros para la tabla `kin`
--
ALTER TABLE `kin`
  ADD CONSTRAINT `fk_kin_categoria1` FOREIGN KEY (`categoria`) REFERENCES `categoria` (`nombre`);

--
-- Filtros para la tabla `nahual`
--
ALTER TABLE `nahual`
  ADD CONSTRAINT `fk_nahual_categoria1` FOREIGN KEY (`categoria`) REFERENCES `categoria` (`nombre`);

--
-- Filtros para la tabla `pagina`
--
ALTER TABLE `pagina`
  ADD CONSTRAINT `FK_PAGINA_CATG` FOREIGN KEY (`categoria`) REFERENCES `categoria` (`nombre`);

--
-- Filtros para la tabla `uinal`
--
ALTER TABLE `uinal`
  ADD CONSTRAINT `fk_uinal_categoria1` FOREIGN KEY (`categoria`) REFERENCES `categoria` (`nombre`);


--
-- Indexes for table `energiakiche`
--
ALTER TABLE `energiakiche`
  ADD PRIMARY KEY (`id`),
  ADD KEY `fk_energiaKiche_categoria1_idx` (`categoria`);

  --
-- Indexes for table `kins`
--
ALTER TABLE `kins`
  ADD PRIMARY KEY (`id`),
  ADD KEY `fk_kin_categoria1_idx` (`categoria`);


--
-- Indexes for table `nawal`
--
ALTER TABLE `nawal`
  ADD PRIMARY KEY (`idweb`),
  ADD UNIQUE KEY `iddesk_UNIQUE` (`iddesk`),
  ADD KEY `fk_nawal_categoria1_idx` (`categoria`);


  --
-- Indexes for table `unil`
--
ALTER TABLE `unil`
  ADD PRIMARY KEY (`idweb`),
  ADD UNIQUE KEY `iddesk_UNIQUE` (`iddesk`),
  ADD KEY `fk_uinal_categoria1_idx` (`categoria`);



--
-- AUTO_INCREMENT for table `cruzMaya`
--
ALTER TABLE `cruzMaya`
  MODIFY `identificador` int(11) NOT NULL AUTO_INCREMENT, AUTO_INCREMENT=60;

--
-- AUTO_INCREMENT for table `cruzMayaEspecifica`
--
ALTER TABLE `cruzMayaEspecifica`
  MODIFY `identificador` int(11) NOT NULL AUTO_INCREMENT, AUTO_INCREMENT=21;

--
-- Constraints for dumped tables
--

--
-- Constraints for table `cruzMaya`
--
ALTER TABLE `cruzMaya`
  ADD CONSTRAINT `cruzMaya_ibfk_1` FOREIGN KEY (`nahual`) REFERENCES `nahual` (`idweb`);

--
-- Constraints for table `cruzMayaEspecifica`
--
ALTER TABLE `cruzMayaEspecifica`
  ADD CONSTRAINT `cruzMayaEspecifica_ibfk_1` FOREIGN KEY (`nahual`) REFERENCES `cruzMaya` (`identificador`),
  ADD CONSTRAINT `cruzMayaEspecifica_ibfk_2` FOREIGN KEY (`id_nahual_concepcion`) REFERENCES `nahual` (`idweb`),
  ADD CONSTRAINT `cruzMayaEspecifica_ibfk_3` FOREIGN KEY (`id_nahual_destino`) REFERENCES `nahual` (`idweb`),
  ADD CONSTRAINT `cruzMayaEspecifica_ibfk_4` FOREIGN KEY (`id_nahual_izquierda`) REFERENCES `nahual` (`idweb`),
  ADD CONSTRAINT `cruzMayaEspecifica_ibfk_5` FOREIGN KEY (`id_nahual_derecha`) REFERENCES `nahual` (`idweb`);


--
-- Constraints for table `energiakiche`
--
ALTER TABLE `energiakiche`
  ADD CONSTRAINT `fk_energiaKiche_categoria1` FOREIGN KEY (`categoria`) REFERENCES `categoria` (`nombre`);


--
-- Constraints for table `kins`
--
ALTER TABLE `kins`
  ADD CONSTRAINT `fk_kins_categoria1` FOREIGN KEY (`categoria`) REFERENCES `categoria` (`nombre`);


--
-- Constraints for table `nawal`
--
ALTER TABLE `nawal`
  ADD CONSTRAINT `fk_nawal_categoria1` FOREIGN KEY (`categoria`) REFERENCES `categoria` (`nombre`);

--
-- Constraints for table `unil`
--
ALTER TABLE `unil`
  ADD CONSTRAINT `fk_unilba_categoria1` FOREIGN KEY (`categoria`) REFERENCES `categoria` (`nombre`);
COMMIT;





